radius_fraction,radius_cm,temperature_k,density_g_cm3,hydrogen_fraction,metal_fraction,opacity_cm2_g,luminosity_erg_s
6.0866450600e-04,4.2361699000e+07,1.5720264300e+07,1.5321573100e+02,3.3533995800e-01,2.1045910500e-02,1.2692554200e+00,8.4575406000e+26
6.3247689100e-04,4.4018988200e+07,1.5720253800e+07,1.5321536900e+02,3.3534092600e-01,2.1046015200e-02,1.2692592200e+00,9.4906551800e+26
6.5722092700e-04,4.5741118200e+07,1.5720242500e+07,1.5321497800e+02,3.3534197300e-01,2.1046103900e-02,1.2692627000e+00,1.0649826300e+27
6.8293306700e-04,4.7530626100e+07,1.5720230200e+07,1.5321455600e+02,3.3534310400e-01,2.1046176400e-02,1.2692658500e+00,1.1950434600e+27
7.0965118900e-04,4.9390148100e+07,1.5720217000e+07,1.5321410000e+02,3.3534432700e-01,2.1046232700e-02,1.2692686700e+00,1.3409737100e+27
7.3741465200e-04,5.1322423500e+07,1.5720202700e+07,1.5321360800e+02,3.3534564700e-01,2.1046273100e-02,1.2692711800e+00,1.5047096500e+27
7.6626435900e-04,5.3330299100e+07,1.5720187300e+07,1.5321307700e+02,3.3534707400e-01,2.1046298500e-02,1.2692734100e+00,1.6884237700e+27
7.9624281100e-04,5.5416732900e+07,1.5720170700e+07,1.5321250300e+02,3.3534861400e-01,2.1046309900e-02,1.2692754100e+00,1.8945536200e+27
8.2739417500e-04,5.7584798700e+07,1.5720152700e+07,1.5321188300e+02,3.3535027700e-01,2.1046309300e-02,1.2692772300e+00,2.1258341600e+27
8.5976434500e-04,5.9837690700e+07,1.5720133300e+07,1.5321121400e+02,3.3535207200e-01,2.1046299100e-02,1.2692789400e+00,2.3853340300e+27
8.9340101400e-04,6.2178728200e+07,1.5720112300e+07,1.5321049200e+02,3.3535400800e-01,2.1046284800e-02,1.2692807000e+00,2.6764962300e+27
9.2835373900e-04,6.4611360300e+07,1.5720089700e+07,1.5320971200e+02,3.3535609500e-01,2.1046274100e-02,1.2692827300e+00,3.0031838600e+27
9.6467402000e-04,6.7139171300e+07,1.5720065300e+07,1.5320887100e+02,3.3535834900e-01,2.1046267900e-02,1.2692850600e+00,3.3697313100e+27
1.0024153700e-03,6.9765885600e+07,1.5720038900e+07,1.5320796200e+02,3.3536078600e-01,2.1046263800e-02,1.2692876400e+00,3.7810017800e+27
1.0416334100e-03,7.2495373800e+07,1.5720010400e+07,1.5320698100e+02,3.3536341800e-01,2.1046259400e-02,1.2692904300e+00,4.2424517800e+27
1.0823859100e-03,7.5331657600e+07,1.5719979600e+07,1.5320592100e+02,3.3536625900e-01,2.1046254700e-02,1.2692934400e+00,4.7602034800e+27
1.1247329400e-03,7.8278916600e+07,1.5719946400e+07,1.5320477600e+02,3.3536932800e-01,2.1046249400e-02,1.2692966900e+00,5.3411259600e+27
1.1687368900e-03,8.1341493900e+07,1.5719910500e+07,1.5320354100e+02,3.3537264100e-01,2.1046243500e-02,1.2693001900e+00,5.9929262500e+27
1.2144626100e-03,8.4523902700e+07,1.5719871800e+07,1.5320220700e+02,3.3537621800e-01,2.1046237100e-02,1.2693039800e+00,6.7242516100e+27
1.2619774900e-03,8.7830833000e+07,1.5719829900e+07,1.5320076600e+02,3.3538008100e-01,2.1046230200e-02,1.2693080600e+00,7.5448041700e+27
1.3113515600e-03,9.1267158600e+07,1.5719784800e+07,1.5319921000e+02,3.3538425200e-01,2.1046222700e-02,1.2693124700e+00,8.4654696000e+27
1.3626575800e-03,9.4837944000e+07,1.5719736000e+07,1.5319753100e+02,3.3538875500e-01,2.1046214700e-02,1.2693172300e+00,9.4984614800e+27
1.4159711800e-03,9.8548452500e+07,1.5719683300e+07,1.5319571700e+02,3.3539361800e-01,2.1046206100e-02,1.2693223700e+00,1.0657483200e+28
1.4713709500e-03,1.0240415300e+08,1.5719626500e+07,1.5319375900e+02,3.3539886900e-01,2.1046196700e-02,1.2693279300e+00,1.1957909800e+28
1.5289385500e-03,1.0641073000e+08,1.5719565100e+07,1.5319164500e+02,3.3540453800e-01,2.1046186600e-02,1.2693339200e+00,1.3416991500e+28
1.5887588400e-03,1.1057409000e+08,1.5719498800e+07,1.5318936200e+02,3.3541066000e-01,2.1046175700e-02,1.2693404000e+00,1.5054082900e+28
1.6509200200e-03,1.1490037000e+08,1.5719427200e+07,1.5318689700e+02,3.3541727000e-01,2.1046163900e-02,1.2693473900e+00,1.6890899000e+28
1.7155137400e-03,1.1939595000e+08,1.5719349900e+07,1.5318423600e+02,3.3542440700e-01,2.1046151200e-02,1.2693549400e+00,1.8951803500e+28
1.7826352500e-03,1.2406745800e+08,1.5719266400e+07,1.5318136200e+02,3.3543211400e-01,2.1046137500e-02,1.2693630900e+00,2.1264131400e+28
1.8523835200e-03,1.2892178300e+08,1.5719176300e+07,1.5317825900e+02,3.3544043600e-01,2.1046122700e-02,1.2693718900e+00,2.3858551500e+28
1.9248614300e-03,1.3396608400e+08,1.5719079000e+07,1.5317490800e+02,3.3544942100e-01,2.1046106700e-02,1.2693813900e+00,2.6769472800e+28
2.0001758700e-03,1.3920780200e+08,1.5718973900e+07,1.5317129100e+02,3.3545912200e-01,2.1046089400e-02,1.2693916500e+00,3.0035500400e+28
2.0784379400e-03,1.4465466900e+08,1.5718860400e+07,1.5316738500e+02,3.3546959800e-01,2.1046070700e-02,1.2694027300e+00,3.3699946700e+28
2.1597630900e-03,1.5031471900e+08,1.5718737900e+07,1.5316316700e+02,3.3548090900e-01,2.1046050600e-02,1.2694147000e+00,3.7811405900e+28
2.2442713300e-03,1.5619630500e+08,1.5718605600e+07,1.5315861400e+02,3.3549312200e-01,2.1046028800e-02,1.2694276200e+00,4.2424396800e+28
2.3320873500e-03,1.6230810500e+08,1.5718462800e+07,1.5315369700e+02,3.3550630900e-01,2.1046005300e-02,1.2694415700e+00,4.7600085600e+28
2.4233407700e-03,1.6865914100e+08,1.5718308600e+07,1.5314838800e+02,3.3552054700e-01,2.1045979900e-02,1.2694566300e+00,5.3407095400e+28
2.5181662900e-03,1.7525878600e+08,1.5718142000e+07,1.5314265600e+02,3.3553592100e-01,2.1045952600e-02,1.2694728900e+00,5.9922414900e+28
2.6167039000e-03,1.8211678500e+08,1.5717962200e+07,1.5313646700e+02,3.3555252100e-01,2.1045923000e-02,1.2694904600e+00,6.7232417600e+28
2.7190991100e-03,1.8924326400e+08,1.5717768000e+07,1.5312978500e+02,3.3557044500e-01,2.1045891100e-02,1.2695094200e+00,7.5434004600e+28
2.8255031500e-03,1.9664875000e+08,1.5717558400e+07,1.5312257100e+02,3.3558979800e-01,2.1045856600e-02,1.2695298900e+00,8.4635887300e+28
2.9360732200e-03,2.0434418100e+08,1.5717332000e+07,1.5311478100e+02,3.3561069400e-01,2.1045819300e-02,1.2695520000e+00,9.4960025200e+28
3.0509726900e-03,2.1234093000e+08,1.5717087600e+07,1.5310637100e+02,3.3563325600e-01,2.1045779100e-02,1.2695758700e+00,1.0654323900e+29
3.1703713900e-03,2.2065081400e+08,1.5716823700e+07,1.5309729000e+02,3.3565761700e-01,2.1045735700e-02,1.2696016500e+00,1.1953902000e+29
3.2944458300e-03,2.2928612000e+08,1.5716538700e+07,1.5308748600e+02,3.3568392000e-01,2.1045688900e-02,1.2696294800e+00,1.3411955900e+29
3.4233795000e-03,2.3825961700e+08,1.5716231000e+07,1.5307690100e+02,3.3571232000e-01,2.1045638300e-02,1.2696595400e+00,1.5047802000e+29
3.5573631300e-03,2.4758458000e+08,1.5715898800e+07,1.5306547200e+02,3.3574298400e-01,2.1045583600e-02,1.2696919900e+00,1.6883109400e+29
3.6965950000e-03,2.5727480900e+08,1.5715540000e+07,1.5305313400e+02,3.3577609200e-01,2.1045524600e-02,1.2697270300e+00,1.8942186200e+29
3.8412812100e-03,2.6734464900e+08,1.5715152700e+07,1.5303981200e+02,3.3581183800e-01,2.1045460900e-02,1.2697648600e+00,2.1252300000e+29
3.9916360500e-03,2.7780901200e+08,1.5714734400e+07,1.5302543000e+02,3.3585043400e-01,2.1045392100e-02,1.2698057100e+00,2.3844037700e+29
4.1478822700e-03,2.8868340200e+08,1.5714282800e+07,1.5300990300e+02,3.3589210500e-01,2.1045317800e-02,1.2698498300e+00,2.6751709400e+29
4.3102514800e-03,2.9998393900e+08,1.5713795200e+07,1.5299314000e+02,3.3593709700e-01,2.1045237600e-02,1.2698974600e+00,3.0013800100e+29
4.4789844900e-03,3.1172738200e+08,1.5713268700e+07,1.5297504300e+02,3.3598567400e-01,2.1045151000e-02,1.2699488800e+00,3.3673477300e+29
4.6543316600e-03,3.2393115600e+08,1.5712700200e+07,1.5295550500e+02,3.3603812100e-01,2.1045057500e-02,1.2700044200e+00,3.7779158700e+29
4.8365533300e-03,3.3661338000e+08,1.5712086400e+07,1.5293441300e+02,3.3609474600e-01,2.1044956500e-02,1.2700643800e+00,4.2385150400e+29
5.0259202200e-03,3.4979289500e+08,1.5711423700e+07,1.5291164400e+02,3.3615588200e-01,2.1044847500e-02,1.2701291200e+00,4.7552360100e+29
5.2227138500e-03,3.6348929500e+08,1.5710708100e+07,1.5288706300e+02,3.3622188600e-01,2.1044729800e-02,1.2701990300e+00,5.3349098000e+29
5.4272270100e-03,3.7772295800e+08,1.5709935400e+07,1.5286052900e+02,3.3629314700e-01,2.1044602700e-02,1.2702745200e+00,5.9851974000e+29
5.6397642100e-03,3.9251507500e+08,1.5709101200e+07,1.5283188500e+02,3.3637008100e-01,2.1044465500e-02,1.2703560200e+00,6.7146902600e+29
5.8606421600e-03,4.0788769000e+08,1.5708200400e+07,1.5280096500e+02,3.3645314000e-01,2.1044316500e-02,1.2704440000e+00,7.5330228800e+29
6.0901903300e-03,4.2386373400e+08,1.5707227900e+07,1.5276758900e+02,3.3654281000e-01,2.1044156000e-02,1.2705390200e+00,8.4509990600e+29
6.3287514500e-03,4.4046705800e+08,1.5706177800e+07,1.5273156300e+02,3.3663961600e-01,2.1043983200e-02,1.2706416200e+00,9.4807331800e+29
6.5766821000e-03,4.5772248100e+08,1.5705044000e+07,1.5269267600e+02,3.3674412400e-01,2.1043796400e-02,1.2707524000e+00,1.0635808500e+30
6.8343532700e-03,4.7565582300e+08,1.5703819900e+07,1.5265070500e+02,3.3685694600e-01,2.1043594800e-02,1.2708720200e+00,1.1931454500e+30
7.1021510400e-03,4.9429395300e+08,1.5702498100e+07,1.5260540400e+02,3.3697874100e-01,2.1043377100e-02,1.2710011800e+00,1.3384745200e+30
7.3804771700e-03,5.1366483500e+08,1.5701071100e+07,1.5255651200e+02,3.3711021900e-01,2.1043142000e-02,1.2711406400e+00,1.5014821700e+30
7.6697498500e-03,5.3379757100e+08,1.5699530300e+07,1.5250374600e+02,3.3725214900e-01,2.1042888100e-02,1.2712912200e+00,1.6843140300e+30
7.9704043700e-03,5.5472245900e+08,1.5697866800e+07,1.5244680100e+02,3.3740535800e-01,2.1042614100e-02,1.2714538200e+00,1.8893751700e+30
8.2828939300e-03,5.7647103900e+08,1.5696070800e+07,1.5238534800e+02,3.3757073800e-01,2.1042318200e-02,1.2716293700e+00,2.1193611600e+30
8.6076904200e-03,5.9907615400e+08,1.5694131700e+07,1.5231903500e+02,3.3774925100e-01,2.1041998700e-02,1.2718189300e+00,2.3772929300e+30
8.9452852700e-03,6.2257200700e+08,1.5692038100e+07,1.5224748000e+02,3.3794193700e-01,2.1041653700e-02,1.2720236000e+00,2.6665557700e+30
9.2961903600e-03,6.4699422200e+08,1.5689777800e+07,1.5217027300e+02,3.3814991300e-01,2.1041281200e-02,1.2722446000e+00,2.9909427900e+30
9.6609389300e-03,6.7237991300e+08,1.5687337500e+07,1.5208697200e+02,3.3837438600e-01,2.1040879100e-02,1.2724832200e+00,3.3547036900e+30
1.0040086600e-02,6.9876775300e+08,1.5684702900e+07,1.5199710300e+02,3.3861665700e-01,2.1040444900e-02,1.2727408600e+00,3.7625990700e+30
1.0434212600e-02,7.2619804500e+08,1.5681858600e+07,1.5190015300e+02,3.3887812700e-01,2.1039976100e-02,1.2730190500e+00,4.2199612200e+30
1.0843920500e-02,7.5471280600e+08,1.5678787900e+07,1.5179557200e+02,3.3916030700e-01,2.1039470000e-02,1.2733194100e+00,4.7327618900e+30
1.1269839800e-02,7.8435584300e+08,1.5675472800e+07,1.5168276800e+02,3.3946482400e-01,2.1038923500e-02,1.2736437300e+00,5.3076880300e+30
1.1712627000e-02,8.1517284800e+08,1.5671894000e+07,1.5156110600e+02,3.3979343100e-01,2.1038333500e-02,1.2739939000e+00,5.9522261900e+30
1.2172967000e-02,8.4721148900e+08,1.5668030500e+07,1.5142990200e+02,3.4014801800e-01,2.1037696500e-02,1.2743719800e+00,6.6747566600e+30
1.2651574500e-02,8.8052151200e+08,1.5663859800e+07,1.5128842100e+02,3.4053061600e-01,2.1037008800e-02,1.2747802100e+00,7.4846584100e+30
1.3149195700e-02,9.1515484500e+08,1.5659357400e+07,1.5113587400e+02,3.4094341600e-01,2.1036266300e-02,1.2752209700e+00,8.3924258700e+30
1.3666609800e-02,9.5116571600e+08,1.5654497100e+07,1.5097141400e+02,3.4138877400e-01,2.1035464700e-02,1.2756968700e+00,9.4097990500e+30
1.4204630600e-02,9.8861077400e+08,1.5649250700e+07,1.5079413400e+02,3.4186922500e-01,2.1034599300e-02,1.2762107000e+00,1.0549908200e+31
1.4764108900e-02,1.0275492200e+09,1.5643587500e+07,1.5060305900e+02,3.4238749800e-01,2.1033665000e-02,1.2767654700e+00,1.1827434500e+31
1.5345933900e-02,1.0680429500e+09,1.5637474500e+07,1.5039714600e+02,3.4294652500e-01,2.1032656500e-02,1.2773644600e+00,1.3258788900e+31
1.5951035700e-02,1.1101566900e+09,1.5630876300e+07,1.5017527600e+02,3.4354946000e-01,2.1031567700e-02,1.2780111900e+00,1.4862309700e+31
1.6580387900e-02,1.1539582100e+09,1.5623754500e+07,1.4993625300e+02,3.4419969400e-01,2.1030392300e-02,1.2787094400e+00,1.6658482900e+31
1.7235009400e-02,1.1995184100e+09,1.5616067700e+07,1.4967879600e+02,3.4490086600e-01,2.1029123500e-02,1.2794633300e+00,1.8670185000e+31
1.7915967800e-02,1.2469116100e+09,1.5607771600e+07,1.4940153800e+02,3.4565688700e-01,2.1027753900e-02,1.2802772800e+00,2.0922951700e+31
1.8624382100e-02,1.2962156700e+09,1.5598818100e+07,1.4910301900e+02,3.4647195300e-01,2.1026275500e-02,1.2811560700e+00,2.3445275800e+31
1.9361425700e-02,1.3475122700e+09,1.5589155400e+07,1.4878167900e+02,3.4735056600e-01,2.1024679600e-02,1.2821048600e+00,2.6268934200e+31
2.0128330200e-02,1.4008871200e+09,1.5578727800e+07,1.4843585800e+02,3.4829755300e-01,2.1022957200e-02,1.2831292200e+00,2.9429349000e+31
2.0926388900e-02,1.4564302300e+09,1.5567475300e+07,1.4806378700e+02,3.4931808600e-01,2.1021098500e-02,1.2842351800e+00,3.2965984700e+31
2.1756960800e-02,1.5142361900e+09,1.5555333300e+07,1.4766358600e+02,3.5041770200e-01,2.1019088200e-02,1.2854186500e+00,3.6922782700e+31
2.2621475300e-02,1.5744044800e+09,1.5542232400e+07,1.4723325600e+02,3.5160232700e-01,2.1016904300e-02,1.2866776700e+00,4.1348638400e+31
2.3521436700e-02,1.6370398100e+09,1.5528097600e+07,1.4677067700e+02,3.5287829800e-01,2.1014574300e-02,1.2880377700e+00,4.6297922600e+31
2.4458430000e-02,1.7022524600e+09,1.5512848300e+07,1.4627360600e+02,3.5425238700e-01,2.1012048600e-02,1.2895060200e+00,5.1831048600e+31
2.5434126100e-02,1.7701587400e+09,1.5496397900e+07,1.4573967000e+02,3.5573181900e-01,2.1009327100e-02,1.2910914800e+00,5.8015087200e+31
2.6450288100e-02,1.8408813600e+09,1.5478653000e+07,1.4516636500e+02,3.5732430200e-01,2.1006390200e-02,1.2928034100e+00,6.4924434000e+31
2.7508778800e-02,1.9145499600e+09,1.5459513200e+07,1.4455105300e+02,3.5903804200e-01,2.1003221900e-02,1.2946520000e+00,7.2641528300e+31
2.8611567600e-02,1.9913016200e+09,1.5438870600e+07,1.4389096200e+02,3.6088177000e-01,2.0999804300e-02,1.2966482300e+00,8.1257624000e+31
2.9760739300e-02,2.0712814200e+09,1.5416609200e+07,1.4318318300e+02,3.6286476300e-01,2.0996121300e-02,1.2988040700e+00,9.0873614200e+31
3.0958503100e-02,2.1546431200e+09,1.5392604500e+07,1.4242467500e+02,3.6499686300e-01,2.0992151800e-02,1.3011323900e+00,1.0160090500e+32
3.2207202300e-02,2.2415498200e+09,1.5366722700e+07,1.4161226500e+02,3.6728849000e-01,2.0987845400e-02,1.3036463900e+00,1.1356233500e+32
3.3509326300e-02,2.3321747500e+09,1.5338820000e+07,1.4074265300e+02,3.6975066400e-01,2.0983249900e-02,1.3063631600e+00,1.2689314300e+32
3.4867521800e-02,2.4267021500e+09,1.5308742500e+07,1.3981241800e+02,3.7239501200e-01,2.0978267300e-02,1.3092971600e+00,1.4174196300e+32
3.6284607200e-02,2.5253281500e+09,1.5276324600e+07,1.3881802700e+02,3.7523377500e-01,2.0972899000e-02,1.3124670500e+00,1.5827184200e+32
3.7763587200e-02,2.6282618700e+09,1.5241389400e+07,1.3775584700e+02,3.7827981000e-01,2.0967068600e-02,1.3158909600e+00,1.7666125900e+32
3.9220033500e-02,2.7296273000e+09,1.5205916700e+07,1.3668717900e+02,3.8135887200e-01,2.0961109000e-02,1.3193764500e+00,1.9590899200e+32
4.0597767800e-02,2.8255145600e+09,1.5171410700e+07,1.3565701000e+02,3.8434072400e-01,2.0955315400e-02,1.3227770800e+00,2.1515688100e+32
4.1908375300e-02,2.9167299300e+09,1.5137750400e+07,1.3466087900e+02,3.8723682000e-01,2.0949747200e-02,1.3261065100e+00,2.3440492100e+32
4.3160977000e-02,3.0039082300e+09,1.5104837400e+07,1.3369515400e+02,3.9005647300e-01,2.0944282600e-02,1.3293711700e+00,2.5365310700e+32
4.4362897600e-02,3.0875592400e+09,1.5072590900e+07,1.3275680800e+02,3.9280738100e-01,2.0938942800e-02,1.3325796700e+00,2.7290143700e+32
4.5520118600e-02,3.1680992500e+09,1.5040942800e+07,1.3184324700e+02,3.9549599900e-01,2.0933692900e-02,1.3357375400e+00,2.9214990700e+32
4.6637595800e-02,3.2458731900e+09,1.5009835700e+07,1.3095231900e+02,3.9812780500e-01,2.0928514800e-02,1.3388500100e+00,3.1139851500e+32
4.7719486200e-02,3.3211703500e+09,1.4979220200e+07,1.3008218700e+02,4.0070750000e-01,2.0923437200e-02,1.3419228600e+00,3.3064725900e+32
4.8769314300e-02,3.3942360600e+09,1.4949053600e+07,1.2923126500e+02,4.0323915600e-01,2.0918486200e-02,1.3449611700e+00,3.4989613600e+32
4.9790098500e-02,3.4652803800e+09,1.4919298700e+07,1.2839815300e+02,4.0572632800e-01,2.0913585800e-02,1.3479665700e+00,3.6914514400e+32
5.0784445800e-02,3.5344847400e+09,1.4889922500e+07,1.2758161800e+02,4.0817214700e-01,2.0908751200e-02,1.3509427800e+00,3.8839428100e+32
5.1754625400e-02,3.6020070900e+09,1.4860896200e+07,1.2678056600e+02,4.1057938200e-01,2.0903979200e-02,1.3538926500e+00,4.0764354500e+32
5.2702626400e-02,3.6679858600e+09,1.4832193800e+07,1.2599401900e+02,4.1295050300e-01,2.0899246400e-02,1.3568181600e+00,4.2689293600e+32
5.3630203700e-02,3.7325431800e+09,1.4803792100e+07,1.2522110100e+02,4.1528772000e-01,2.0894554200e-02,1.3597217000e+00,4.4614245100e+32
5.4538913900e-02,3.7957873900e+09,1.4775670300e+07,1.2446102100e+02,4.1759302500e-01,2.0889930300e-02,1.3626061900e+00,4.6539208900e+32
5.5430145900e-02,3.8578151600e+09,1.4747809300e+07,1.2371306200e+02,4.1986821800e-01,2.0885392500e-02,1.3654741000e+00,4.8464184900e+32
5.6305144200e-02,3.9187131000e+09,1.4720192000e+07,1.2297657300e+02,4.2211493500e-01,2.0880885600e-02,1.3683256200e+00,5.0389172900e+32
5.7165029500e-02,3.9785592100e+09,1.4692802700e+07,1.2225096000e+02,4.2433466300e-01,2.0876395300e-02,1.3711619600e+00,5.2314172800e+32
5.8010815300e-02,4.0374240200e+09,1.4665627000e+07,1.2153567500e+02,4.2652876600e-01,2.0871955500e-02,1.3739855800e+00,5.4239184600e+32
5.8843421300e-02,4.0953715500e+09,1.4638651600e+07,1.2083021800e+02,4.2869849400e-01,2.0867525000e-02,1.3767966900e+00,5.6164208200e+32
5.9663685600e-02,4.1524601300e+09,1.4611864300e+07,1.2013412500e+02,4.3084499600e-01,2.0863126600e-02,1.3795972200e+00,5.8089243300e+32
6.0472374000e-02,4.2087430500e+09,1.4585253800e+07,1.1944697000e+02,4.3296933500e-01,2.0858796300e-02,1.3823894200e+00,6.0014290100e+32
6.1270188900e-02,4.2642692000e+09,1.4558809600e+07,1.1876835400e+02,4.3507249200e-01,2.0854529900e-02,1.3851742900e+00,6.1939348200e+32
6.2057776300e-02,4.3190835300e+09,1.4532521900e+07,1.1809790900e+02,4.3715537900e-01,2.0850270400e-02,1.3879512200e+00,6.3864417800e+32
6.2835732200e-02,4.3732275300e+09,1.4506381500e+07,1.1743529000e+02,4.3921884200e-01,2.0846007800e-02,1.3907208700e+00,6.5789498700e+32
6.3604607800e-02,4.4267395700e+09,1.4480380000e+07,1.1678017700e+02,4.4126367000e-01,2.0841794000e-02,1.3934857100e+00,6.7714590800e+32
6.4364914100e-02,4.4796552000e+09,1.4454509200e+07,1.1613226800e+02,4.4329059800e-01,2.0837578000e-02,1.3962451000e+00,6.9639694200e+32
6.5117126300e-02,4.5320075100e+09,1.4428761700e+07,1.1549128100e+02,4.4530031400e-01,2.0833368000e-02,1.3990001100e+00,7.1564808600e+32
6.5861687100e-02,4.5838272800e+09,1.4403130300e+07,1.1485695000e+02,4.4729346300e-01,2.0829221300e-02,1.4017532200e+00,7.3489934100e+32
6.6599009500e-02,4.6351432800e+09,1.4377608300e+07,1.1422902700e+02,4.4927065000e-01,2.0825109000e-02,1.4045043300e+00,7.5415070600e+32
6.7329480100e-02,4.6859824200e+09,1.4352189300e+07,1.1360727600e+02,4.5123244500e-01,2.0821016500e-02,1.4072537400e+00,7.7340218000e+32
6.8053461800e-02,4.7363699400e+09,1.4326867300e+07,1.1299147400e+02,4.5317938200e-01,2.0816902600e-02,1.4100008700e+00,7.9265376400e+32
6.8771295700e-02,4.7863295800e+09,1.4301636600e+07,1.1238141000e+02,4.5511196600e-01,2.0812803100e-02,1.4127474600e+00,8.1190545600e+32
6.9483302300e-02,4.8358836700e+09,1.4276491700e+07,1.1177688400e+02,4.5703067300e-01,2.0808732600e-02,1.4154945700e+00,8.3115725600e+32
7.0189783600e-02,4.8850531900e+09,1.4251427300e+07,1.1117770900e+02,4.5893595200e-01,2.0804690400e-02,1.4182427900e+00,8.5040916400e+32
7.0891024500e-02,4.9338580100e+09,1.4226438600e+07,1.1058370300e+02,4.6082822800e-01,2.0800696500e-02,1.4209933200e+00,8.6966118000e+32
7.1587295500e-02,4.9823169200e+09,1.4201520800e+07,1.0999469700e+02,4.6270790800e-01,2.0796707600e-02,1.4237454000e+00,8.8891330200e+32
7.2278853600e-02,5.0304478300e+09,1.4176669200e+07,1.0941052500e+02,4.6457537800e-01,2.0792685700e-02,1.4264984400e+00,9.0816553200e+32
7.2965942300e-02,5.0782676800e+09,1.4151879600e+07,1.0883103300e+02,4.6643100000e-01,2.0788677500e-02,1.4292543700e+00,9.2741786800e+32
7.3648792400e-02,5.1257925300e+09,1.4127147600e+07,1.0825607100e+02,4.6827512100e-01,2.0784717300e-02,1.4320147700e+00,9.4667031000e+32
7.4327624400e-02,5.1730377300e+09,1.4102469100e+07,1.0768549700e+02,4.7010807200e-01,2.0780786600e-02,1.4347795700e+00,9.6592285800e+32
7.5002648500e-02,5.2200179200e+09,1.4077840400e+07,1.0711917400e+02,4.7193016700e-01,2.0776887800e-02,1.4375493500e+00,9.8517551200e+32
7.5674065600e-02,5.2667470600e+09,1.4053257500e+07,1.0655697300e+02,4.7374170800e-01,2.0772990300e-02,1.4403236400e+00,1.0044282700e+33
7.6342068000e-02,5.3132385300e+09,1.4028716800e+07,1.0599876600e+02,4.7554298000e-01,2.0769091400e-02,1.4431028500e+00,1.0236811400e+33
7.7006839100e-02,5.3595051300e+09,1.4004214700e+07,1.0544443600e+02,4.7733425800e-01,2.0765238500e-02,1.4458888700e+00,1.0429341100e+33
7.7668554700e-02,5.4055590700e+09,1.3979747800e+07,1.0489386400e+02,4.7911580200e-01,2.0761419800e-02,1.4486818200e+00,1.0621871800e+33
7.8327383900e-02,5.4514121200e+09,1.3955312800e+07,1.0434694200e+02,4.8088786500e-01,2.0757588100e-02,1.4514806700e+00,1.0814403600e+33
7.8983489600e-02,5.4970756200e+09,1.3930906400e+07,1.0380356000e+02,4.8265069000e-01,2.0753748800e-02,1.4542860100e+00,1.1006936500e+33
7.9637030300e-02,5.5425606000e+09,1.3906525300e+07,1.0326361300e+02,4.8440451400e-01,2.0749935700e-02,1.4570993500e+00,1.1199470400e+33
8.0288158700e-02,5.5878777000e+09,1.3882166500e+07,1.0272700200e+02,4.8614956100e-01,2.0746143400e-02,1.4599209300e+00,1.1392005300e+33
8.0937020700e-02,5.6330370500e+09,1.3857826900e+07,1.0219362800e+02,4.8788604200e-01,2.0742349400e-02,1.4627504800e+00,1.1584541300e+33
8.1583757900e-02,5.6780485200e+09,1.3833503500e+07,1.0166339900e+02,4.8961416400e-01,2.0738550100e-02,1.4655883000e+00,1.1777078300e+33
8.2228507000e-02,5.7229216300e+09,1.3809193400e+07,1.0113622300e+02,4.9133412300e-01,2.0734770900e-02,1.4684356000e+00,1.1969616400e+33
8.2871400200e-02,5.7676655700e+09,1.3784893900e+07,1.0061201400e+02,4.9304610900e-01,2.0731000900e-02,1.4712924500e+00,1.2162155600e+33
8.3512567200e-02,5.8122893700e+09,1.3760602100e+07,1.0009068600e+02,4.9475030900e-01,2.0727231400e-02,1.4741589800e+00,1.2354695700e+33
8.4152134100e-02,5.8568018100e+09,1.3736315100e+07,9.9572156700e+01,4.9644690300e-01,2.0723468200e-02,1.4770358000e+00,1.2547237000e+33
8.4790222500e-02,5.9012113400e+09,1.3712030400e+07,9.9056351200e+01,4.9813606300e-01,2.0719713200e-02,1.4799233900e+00,1.2739779200e+33
8.5426950800e-02,5.9455262300e+09,1.3687745200e+07,9.8543190800e+01,4.9981795400e-01,2.0715967000e-02,1.4828221800e+00,1.2932322600e+33
8.6062435300e-02,5.9897545300e+09,1.3663456800e+07,9.8032599600e+01,5.0149274900e-01,2.0712222000e-02,1.4857571700e+00,1.3124866900e+33
8.6696788500e-02,6.0339041100e+09,1.3639162200e+07,9.7524504700e+01,5.0316060600e-01,2.0708477000e-02,1.4887066400e+00,1.3317412300e+33
8.7330118100e-02,6.0779824400e+09,1.3614859000e+07,9.7018836000e+01,5.0482166700e-01,2.0704736700e-02,1.4916680700e+00,1.3509958800e+33
8.7962533300e-02,6.1219971400e+09,1.3590544700e+07,9.6515521500e+01,5.0647608500e-01,2.0701000600e-02,1.4946418200e+00,1.3702506300e+33
8.8594144800e-02,6.1659559000e+09,1.3566216600e+07,9.6014488300e+01,5.0812401400e-01,2.0697268900e-02,1.4976283100e+00,1.3895054900e+33
8.9225061300e-02,6.2098662900e+09,1.3541872000e+07,9.5515665700e+01,5.0976560000e-01,2.0693538100e-02,1.5006278300e+00,1.4087604500e+33
8.9855385000e-02,6.2537354100e+09,1.3517508300e+07,9.5018988300e+01,5.1140096600e-01,2.0689801200e-02,1.5036405500e+00,1.4280155200e+33
9.0485213400e-02,6.2975700700e+09,1.3493123400e+07,9.4524394200e+01,5.1303023400e-01,2.0686040900e-02,1.5066662700e+00,1.4472706900e+33
9.1114646100e-02,6.3413772000e+09,1.3468714800e+07,9.4031825100e+01,5.1465353000e-01,2.0682230900e-02,1.5097045500e+00,1.4665259700e+33
9.1743781300e-02,6.3851636100e+09,1.3444279900e+07,9.3541220200e+01,5.1627097600e-01,2.0678337000e-02,1.5127546600e+00,1.4857813500e+33
9.2372715600e-02,6.4289360400e+09,1.3419816500e+07,9.3052517800e+01,5.1788269000e-01,2.0674350900e-02,1.5158166900e+00,1.5050368400e+33
9.3001545200e-02,6.4727011800e+09,1.3395322200e+07,9.2565657100e+01,5.1948879000e-01,2.0670334200e-02,1.5188930500e+00,1.5242924400e+33
9.3630365300e-02,6.5164656700e+09,1.3370794300e+07,9.2080578000e+01,5.2108939400e-01,2.0666412600e-02,1.5219883300e+00,1.5435481400e+33
9.4259269900e-02,6.5602360400e+09,1.3346230600e+07,9.1597222100e+01,5.2268461900e-01,2.0662667700e-02,1.5251056800e+00,1.5628039600e+33
9.4888352200e-02,6.6040187600e+09,1.3321628300e+07,9.1115532000e+01,5.2427458100e-01,2.0659032700e-02,1.5282433700e+00,1.5820598700e+33
9.5517705000e-02,6.6478203200e+09,1.3296985000e+07,9.0635450400e+01,5.2585939000e-01,2.0655364900e-02,1.5313971200e+00,1.6013159000e+33
9.6147421200e-02,6.6916471800e+09,1.3272298300e+07,9.0156920700e+01,5.2743915300e-01,2.0651628300e-02,1.5345661400e+00,1.6205720300e+33
9.6777593300e-02,6.7355057600e+09,1.3247565700e+07,8.9679887100e+01,5.2901397200e-01,2.0647902200e-02,1.5377535200e+00,1.6398282800e+33
9.7408312600e-02,6.7794024200e+09,1.3222784700e+07,8.9204295000e+01,5.3058394800e-01,2.0644208500e-02,1.5409604600e+00,1.6590846300e+33
9.8039669800e-02,6.8233434800e+09,1.3197952800e+07,8.8730090700e+01,5.3214918200e-01,2.0640502500e-02,1.5441859200e+00,1.6783410800e+33
9.8671756300e-02,6.8673352900e+09,1.3173067500e+07,8.8257220500e+01,5.3370976900e-01,2.0636785400e-02,1.5474304000e+00,1.6975976500e+33
9.9304663400e-02,6.9113842300e+09,1.3148126200e+07,8.7785631200e+01,5.3526580800e-01,2.0633071400e-02,1.5506948500e+00,1.7168543300e+33
9.9938483200e-02,6.9554966800e+09,1.3123126400e+07,8.7315269800e+01,5.3681739300e-01,2.0629356400e-02,1.5539796400e+00,1.7361111200e+33
1.0057330800e-01,6.9996790500e+09,1.3098065500e+07,8.6846083700e+01,5.3836461900e-01,2.0625636700e-02,1.5572851400e+00,1.7553680100e+33
1.0120922800e-01,7.0439377200e+09,1.3072940700e+07,8.6378021600e+01,5.3990757300e-01,2.0621910400e-02,1.5606117800e+00,1.7746250200e+33
1.0184633700e-01,7.0882790900e+09,1.3047749600e+07,8.5911032000e+01,5.4144634700e-01,2.0618185700e-02,1.5639603700e+00,1.7938821400e+33
1.0248472800e-01,7.1327096300e+09,1.3022489500e+07,8.5445063700e+01,5.4298102700e-01,2.0614452600e-02,1.5673310800e+00,1.8131393700e+33
1.0312449200e-01,7.1772358200e+09,1.2997157600e+07,8.4980065800e+01,5.4451170200e-01,2.0610717400e-02,1.5707246800e+00,1.8323967100e+33
1.0376572500e-01,7.2218642200e+09,1.2971751200e+07,8.4515987700e+01,5.4603845600e-01,2.0606976900e-02,1.5741416000e+00,1.8516541600e+33
1.0440852200e-01,7.2666014300e+09,1.2946267500e+07,8.4052778400e+01,5.4756137500e-01,2.0603231500e-02,1.5775824400e+00,1.8709117300e+33
1.0505297800e-01,7.3114541500e+09,1.2920703700e+07,8.3590387300e+01,5.4908054400e-01,2.0599480700e-02,1.5810477500e+00,1.8901694100e+33
1.0569919000e-01,7.3564291100e+09,1.2895056800e+07,8.3128764000e+01,5.5059604400e-01,2.0595724000e-02,1.5845381000e+00,1.9094272000e+33
1.0634725700e-01,7.4015331200e+09,1.2869324100e+07,8.2667858100e+01,5.5210795800e-01,2.0591961800e-02,1.5880541200e+00,1.9286851000e+33
1.0699727700e-01,7.4467730800e+09,1.2843502600e+07,8.2207619300e+01,5.5361636400e-01,2.0588193000e-02,1.5915963900e+00,1.9479431200e+33
1.0764935100e-01,7.4921559700e+09,1.2817589100e+07,8.1747997000e+01,5.5512134400e-01,2.0584417000e-02,1.5951655300e+00,1.9672012600e+33
1.0830358000e-01,7.5376888800e+09,1.2791580700e+07,8.1288940600e+01,5.5662297500e-01,2.0580633700e-02,1.5987622000e+00,1.9864595100e+33
1.0896006800e-01,7.5833789900e+09,1.2765474200e+07,8.0830399600e+01,5.5812133600e-01,2.0576843200e-02,1.6023870700e+00,2.0057178700e+33
1.0961892000e-01,7.6292336300e+09,1.2739266400e+07,8.0372323100e+01,5.5961650400e-01,2.0573044800e-02,1.6060408000e+00,2.0249763500e+33
1.1028024300e-01,7.6752602300e+09,1.2712954100e+07,7.9914659700e+01,5.6110855600e-01,2.0569236800e-02,1.6097240500e+00,2.0442349400e+33
1.1094414600e-01,7.7214663700e+09,1.2686533900e+07,7.9457357900e+01,5.6259756800e-01,2.0565416100e-02,1.6134374400e+00,2.0634936600e+33
1.1161073900e-01,7.7678597600e+09,1.2660002500e+07,7.9000366000e+01,5.6408361600e-01,2.0561576700e-02,1.6171815000e+00,2.0827524800e+33
1.1228013500e-01,7.8144482600e+09,1.2633356300e+07,7.8543632000e+01,5.6556677300e-01,2.0557705300e-02,1.6209565200e+00,2.1020114300e+33
1.1295245000e-01,7.8612398700e+09,1.2606591900e+07,7.8087103100e+01,5.6704711300e-01,2.0553778200e-02,1.6247624400e+00,2.1212704900e+33
1.1362780100e-01,7.9082428200e+09,1.2579705900e+07,7.7630726000e+01,5.6852469100e-01,2.0549780200e-02,1.6285685400e+00,2.1405296800e+33
1.1430630900e-01,7.9554654600e+09,1.2552695200e+07,7.7174445000e+01,5.6999953900e-01,2.0545704400e-02,1.6323502200e+00,2.1597889800e+33
1.1498809600e-01,8.0029163600e+09,1.2525556700e+07,7.6718203700e+01,5.7147172100e-01,2.0541579500e-02,1.6361636000e+00,2.1790484000e+33
1.1567328900e-01,8.0506042800e+09,1.2498286500e+07,7.6261946300e+01,5.7294132200e-01,2.0537495400e-02,1.6400128400e+00,2.1983079400e+33
1.1636201700e-01,8.0985381900e+09,1.2470880500e+07,7.5805616700e+01,5.7440842600e-01,2.0533532700e-02,1.6439018800e+00,2.2175676000e+33
1.1705441100e-01,8.1467272900e+09,1.2443334600e+07,7.5349158500e+01,5.7587311900e-01,2.0529677900e-02,1.6478312400e+00,2.2368273800e+33
1.1775060800e-01,8.1951810200e+09,1.2415644600e+07,7.4892514500e+01,5.7733548000e-01,2.0525833100e-02,1.6517983800e+00,2.2560872800e+33
1.1845074600e-01,8.2439091000e+09,1.2387806100e+07,7.4435631300e+01,5.7879558200e-01,2.0521928800e-02,1.6558018000e+00,2.2753473000e+33
1.1915497000e-01,8.2929214900e+09,1.2359814800e+07,7.3978451900e+01,5.8025349800e-01,2.0517986700e-02,1.6598433700e+00,2.2946074500e+33
1.1986342500e-01,8.3422284500e+09,1.2331666100e+07,7.3520916200e+01,5.8170930200e-01,2.0514046900e-02,1.6639256900e+00,2.3138677100e+33
1.2057626500e-01,8.3918405200e+09,1.2303355300e+07,7.3062963200e+01,5.8316306700e-01,2.0510103900e-02,1.6680497000e+00,2.3331281000e+33
1.2129364500e-01,8.4417685800e+09,1.2274877600e+07,7.2604530700e+01,5.8461486400e-01,2.0506140700e-02,1.6722159700e+00,2.3523886100e+33
1.2201572700e-01,8.4920238400e+09,1.2246228000e+07,7.2145555300e+01,5.8606476500e-01,2.0502158400e-02,1.6764257800e+00,2.3716492500e+33
1.2274267600e-01,8.5426178700e+09,1.2217401300e+07,7.1685972300e+01,5.8751284100e-01,2.0498164000e-02,1.6806806600e+00,2.3909100100e+33
1.2347466400e-01,8.5935626300e+09,1.2188392200e+07,7.1225715500e+01,5.8895916500e-01,2.0494155900e-02,1.6849818900e+00,2.4101708900e+33
1.2421186900e-01,8.6448704600e+09,1.2159195200e+07,7.0764717500e+01,5.9040380800e-01,2.0490127800e-02,1.6893306300e+00,2.4294318900e+33
1.2495447400e-01,8.6965541400e+09,1.2129804500e+07,7.0302909100e+01,5.9184684200e-01,2.0486082900e-02,1.6937284300e+00,2.4486930200e+33
1.2570267000e-01,8.7486268900e+09,1.2100214500e+07,6.9840219400e+01,5.9328833800e-01,2.0482022000e-02,1.6981768400e+00,2.4679542800e+33
1.2645665300e-01,8.8011024300e+09,1.2070418800e+07,6.9376575800e+01,5.9472837000e-01,2.0477940800e-02,1.7026772400e+00,2.4872156600e+33
1.2721662700e-01,8.8539949500e+09,1.2040411200e+07,6.8911903600e+01,5.9616701000e-01,2.0473841500e-02,1.7072313600e+00,2.5064771600e+33
1.2798280400e-01,8.9073192100e+09,1.2010185200e+07,6.8446126400e+01,5.9760433100e-01,2.0469721600e-02,1.7118408100e+00,2.5257387900e+33
1.2875540500e-01,8.9610905000e+09,1.1979734000e+07,6.7979167000e+01,5.9904040800e-01,2.0465580500e-02,1.7165073400e+00,2.5450005400e+33
1.2953465700e-01,9.0153247300e+09,1.1949050500e+07,6.7510949400e+01,6.0047531400e-01,2.0461418100e-02,1.7212328600e+00,2.5642624100e+33
1.3032079900e-01,9.0700384400e+09,1.1918127300e+07,6.7041389400e+01,6.0190912500e-01,2.0457233900e-02,1.7260192900e+00,2.5835244200e+33
1.3111407700e-01,9.1252488400e+09,1.1886956800e+07,6.6570401200e+01,6.0334191900e-01,2.0453026400e-02,1.7308685900e+00,2.6027865400e+33
1.3191474900e-01,9.1809738500e+09,1.1855531200e+07,6.6097895700e+01,6.0477377100e-01,2.0448795000e-02,1.7357828600e+00,2.6220487900e+33
1.3272308400e-01,9.2372321700e+09,1.1823842100e+07,6.5623780700e+01,6.0620475900e-01,2.0444539000e-02,1.7407642900e+00,2.6413111700e+33
1.3353936200e-01,9.2940432600e+09,1.1791881000e+07,6.5147961100e+01,6.0763496200e-01,2.0440256400e-02,1.7458151100e+00,2.6605736600e+33
1.3436387400e-01,9.3514274700e+09,1.1759638900e+07,6.4670338600e+01,6.0906445800e-01,2.0435945900e-02,1.7509377100e+00,2.6798362900e+33
1.3519692500e-01,9.4094060000e+09,1.1727106500e+07,6.4190811600e+01,6.1049332700e-01,2.0431608200e-02,1.7561346400e+00,2.6990990300e+33
1.3603883400e-01,9.4680010200e+09,1.1694274100e+07,6.3709275200e+01,6.1192164700e-01,2.0427242500e-02,1.7614085700e+00,2.7183619000e+33
1.3688993400e-01,9.5272356400e+09,1.1661131600e+07,6.3225621100e+01,6.1334949800e-01,2.0422846700e-02,1.7667622000e+00,2.7376248800e+33
1.3775057000e-01,9.5871340500e+09,1.1627668400e+07,6.2739737100e+01,6.1477695900e-01,2.0418419700e-02,1.7721984300e+00,2.7568879900e+33
1.3862110700e-01,9.6477214800e+09,1.1593873500e+07,6.2251507700e+01,6.1620410800e-01,2.0413960000e-02,1.7777203000e+00,2.7761512200e+33
1.3950192300e-01,9.7090243100e+09,1.1559735600e+07,6.1760813500e+01,6.1763102200e-01,2.0409466900e-02,1.7833310000e+00,2.7954145700e+33
1.4039341400e-01,9.7710701000e+09,1.1525242800e+07,6.1267531400e+01,6.1905777500e-01,2.0404938800e-02,1.7890338800e+00,2.8146780300e+33
1.4129599400e-01,9.8338876500e+09,1.1490382600e+07,6.0771534200e+01,6.2048444100e-01,2.0400374200e-02,1.7948324600e+00,2.8339416100e+33
1.4221009500e-01,9.8975070800e+09,1.1455142200e+07,6.0272691000e+01,6.2191108900e-01,2.0395770100e-02,1.8007303600e+00,2.8532053100e+33
1.4313617100e-01,9.9619599100e+09,1.1419508100e+07,5.9770866200e+01,6.2333778600e-01,2.0391121000e-02,1.8067313200e+00,2.8724691100e+33
1.4407469600e-01,1.0027279200e+10,1.1383466300e+07,5.9265919900e+01,6.2476459600e-01,2.0386418500e-02,1.8128391400e+00,2.8917330300e+33
1.4502616700e-01,1.0093499500e+10,1.1347002200e+07,5.8757707200e+01,6.2619158000e-01,2.0381646100e-02,1.8190575000e+00,2.9109970600e+33
1.4599110900e-01,1.0160657200e+10,1.1310100400e+07,5.8246077400e+01,6.2761879500e-01,2.0376777400e-02,1.8253898900e+00,2.9302611900e+33
1.4697007100e-01,1.0228790800e+10,1.1272745000e+07,5.7730873200e+01,6.2904629600e-01,2.0371787100e-02,1.8318400700e+00,2.9495254400e+33
1.4796363700e-01,1.0297940800e+10,1.1234919000e+07,5.7211930200e+01,6.3047413600e-01,2.0366675900e-02,1.8384132300e+00,2.9687897800e+33
1.4897242500e-01,1.0368150200e+10,1.1196604500e+07,5.6689075000e+01,6.3190237500e-01,2.0361501000e-02,1.8451173200e+00,2.9880542300e+33
1.4999709200e-01,1.0439464800e+10,1.1157782400e+07,5.6162124400e+01,6.3333108100e-01,2.0356361700e-02,1.8519626100e+00,3.0073187800e+33
1.5103834200e-01,1.0511933500e+10,1.1118432200e+07,5.5630890600e+01,6.3476033600e-01,2.0351309900e-02,1.8589579500e+00,3.0265834300e+33
1.5209692600e-01,1.0585608600e+10,1.1078532000e+07,5.5095168800e+01,6.3619023500e-01,2.0346289500e-02,1.8661079200e+00,3.0458481800e+33
1.5317365700e-01,1.0660546700e+10,1.1038058300e+07,5.4554734000e+01,6.3762088100e-01,2.0341207700e-02,1.8734158500e+00,3.0651130300e+33
1.5426941100e-01,1.0736808700e+10,1.0996985700e+07,5.4009342400e+01,6.3905239200e-01,2.0336038900e-02,1.8808886100e+00,3.0843779800e+33
1.5538513800e-01,1.0814460800e+10,1.0955286600e+07,5.3458735600e+01,6.4048490600e-01,2.0330815100e-02,1.8885363800e+00,3.1036430300e+33
1.5652187300e-01,1.0893575000e+10,1.0912931100e+07,5.2902629400e+01,6.4191858700e-01,2.0325548000e-02,1.8963692300e+00,3.1229081800e+33
1.5768074100e-01,1.0974229700e+10,1.0869886400e+07,5.2340708100e+01,6.4335362400e-01,2.0320209800e-02,1.9043962200e+00,3.1421734300e+33
1.5886297700e-01,1.1056510700e+10,1.0826116800e+07,5.1772626200e+01,6.4479023700e-01,2.0314775800e-02,1.9126275100e+00,3.1614387700e+33
1.6006992800e-01,1.1140511800e+10,1.0781583200e+07,5.1198005400e+01,6.4622867100e-01,2.0309261000e-02,1.9210761200e+00,3.1807042100e+33
1.6130307700e-01,1.1226336200e+10,1.0736242800e+07,5.0616431500e+01,6.4766920800e-01,2.0303682400e-02,1.9297564400e+00,3.1999697400e+33
1.6256404800e-01,1.1314097000e+10,1.0690048500e+07,5.0027451000e+01,6.4911216400e-01,2.0298020000e-02,1.9386825200e+00,3.2192353700e+33
1.6385462800e-01,1.1403918500e+10,1.0642948900e+07,4.9430568200e+01,6.5055788200e-01,2.0292248600e-02,1.9478696200e+00,3.2385010900e+33
1.6517678100e-01,1.1495937500e+10,1.0594887600e+07,4.8825241200e+01,6.5200674000e-01,2.0286393700e-02,1.9573371100e+00,3.2577668900e+33
1.6653267100e-01,1.1590304400e+10,1.0545802800e+07,4.8210878900e+01,6.5345914500e-01,2.0280435400e-02,1.9671041100e+00,3.2770327900e+33
1.6792467800e-01,1.1687185000e+10,1.0495626700e+07,4.7586836700e+01,6.5491553200e-01,2.0274364400e-02,1.9771923800e+00,3.2962987700e+33
1.6935543000e-01,1.1786762100e+10,1.0444285100e+07,4.6952412400e+01,6.5637636000e-01,2.0268183400e-02,1.9876266200e+00,3.3155648200e+33
1.7082782600e-01,1.1889237600e+10,1.0391696500e+07,4.6306840900e+01,6.5784211000e-01,2.0261876800e-02,1.9984334000e+00,3.3348309500e+33
1.7234507700e-01,1.1994834900e+10,1.0337771300e+07,4.5649287800e+01,6.5931328400e-01,2.0255440400e-02,2.0096428900e+00,3.3540971400e+33
1.7391074500e-01,1.2103802000e+10,1.0282411000e+07,4.4978841000e+01,6.6079040500e-01,2.0248862200e-02,2.0212884600e+00,3.3733634000e+33
1.7552879700e-01,1.2216414800e+10,1.0225506500e+07,4.4294501700e+01,6.6227401400e-01,2.0242132000e-02,2.0334076400e+00,3.3926297100e+33
1.7720366400e-01,1.2332981800e+10,1.0166937300e+07,4.3595172800e+01,6.6376467200e-01,2.0235238500e-02,2.0460427100e+00,3.4118960800e+33
1.7894032700e-01,1.2453849700e+10,1.0106568700e+07,4.2879642100e+01,6.6526296500e-01,2.0228166000e-02,2.0592413300e+00,3.4311624800e+33
1.8074441300e-01,1.2579410100e+10,1.0044250000e+07,4.2146561600e+01,6.6676952100e-01,2.0220891700e-02,2.0730575300e+00,3.4504289300e+33
1.8259682300e-01,1.2708333700e+10,9.9806816400e+06,4.1404585900e+01,6.6826489000e-01,2.0213427200e-02,2.0874542600e+00,3.4694391000e+33
1.8444158900e-01,1.2836725300e+10,9.9177968300e+06,4.0676396800e+01,6.6970372400e-01,2.0205952200e-02,2.1021295600e+00,3.4876148600e+33
1.8627890500e-01,1.2964598400e+10,9.8555835900e+06,3.9961667200e+01,6.7108814600e-01,2.0198489300e-02,2.1168604400e+00,3.5049892000e+33
1.8810896100e-01,1.3091966300e+10,9.7940332900e+06,3.9260071000e+01,6.7242004000e-01,2.0191057800e-02,2.1316477700e+00,3.5215942200e+33
1.8993194200e-01,1.3218841800e+10,9.7331372700e+06,3.8571294400e+01,6.7370126300e-01,2.0183736900e-02,2.1464959000e+00,3.5374610800e+33
1.9174802900e-01,1.3345237400e+10,9.6728867600e+06,3.7895035600e+01,6.7493365400e-01,2.0176637800e-02,2.1614113100e+00,3.5526199200e+33
1.9355739800e-01,1.3471165400e+10,9.6132729400e+06,3.7231004200e+01,6.7611901900e-01,2.0169752300e-02,2.1763942600e+00,3.5670999300e+33
1.9536022100e-01,1.3596637900e+10,9.5542872400e+06,3.6578920600e+01,6.7725910100e-01,2.0162821800e-02,2.1914308500e+00,3.5809292400e+33
1.9715666600e-01,1.3721666500e+10,9.4959211100e+06,3.5938515600e+01,6.7835559200e-01,2.0156162900e-02,2.2065394600e+00,3.5941350300e+33
1.9894690600e-01,1.3846263200e+10,9.4381659500e+06,3.5309205600e+01,6.7941006000e-01,2.0149759100e-02,2.2217113000e+00,3.6067434400e+33
2.0073110100e-01,1.3970439200e+10,9.3810133600e+06,3.4691424500e+01,6.8042409100e-01,2.0143253100e-02,2.2369451000e+00,3.6187797200e+33
2.0250940000e-01,1.4094204900e+10,9.3244550400e+06,3.4084570700e+01,6.8139930200e-01,2.0136824500e-02,2.2522423600e+00,3.6302682700e+33
2.0428195800e-01,1.4217571000e+10,9.2684827400e+06,3.3488411900e+01,6.8233717300e-01,2.0130489000e-02,2.2676048900e+00,3.6412325200e+33
2.0604892400e-01,1.4340547900e+10,9.2130883000e+06,3.2902724200e+01,6.8323912300e-01,2.0124234000e-02,2.2830329900e+00,3.6516950200e+33
2.0781044800e-01,1.4463146000e+10,9.1582636000e+06,3.2327291500e+01,6.8410651700e-01,2.0118062600e-02,2.2985279100e+00,3.6616775000e+33
2.0956667300e-01,1.4585375400e+10,9.1040006500e+06,3.1761904900e+01,6.8494067000e-01,2.0111978200e-02,2.3140910400e+00,3.6712008300e+33
2.1131774200e-01,1.4707246000e+10,9.0502915100e+06,3.1206368600e+01,6.8574285200e-01,2.0105973400e-02,2.3297233900e+00,3.6802851100e+33
2.1306379300e-01,1.4828767300e+10,8.9971283400e+06,3.0660502600e+01,6.8651429200e-01,2.0100040700e-02,2.3454263500e+00,3.6889496800e+33
2.1480496200e-01,1.4949948700e+10,8.9445033600e+06,3.0124122000e+01,6.8725618000e-01,2.0094181400e-02,2.3612016000e+00,3.6972131000e+33
2.1654137900e-01,1.5070799500e+10,8.8924089200e+06,2.9597040800e+01,6.8796966300e-01,2.0088388900e-02,2.3770501800e+00,3.7050932200e+33
2.1827317600e-01,1.5191328700e+10,8.8408374300e+06,2.9079076100e+01,6.8865583800e-01,2.0082664200e-02,2.3929735900e+00,3.7126072100e+33
2.2000047900e-01,1.5311545200e+10,8.7897814000e+06,2.8570050700e+01,6.8931575900e-01,2.0077006100e-02,2.4089732400e+00,3.7197715000e+33
2.2172341400e-01,1.5431457600e+10,8.7392334400e+06,2.8069793000e+01,6.8995043900e-01,2.0071413900e-02,2.4250506800e+00,3.7266019200e+33
2.2344210400e-01,1.5551074600e+10,8.6891862500e+06,2.7578136400e+01,6.9056084700e-01,2.0065888300e-02,2.4412075800e+00,3.7331136100e+33
2.2515666900e-01,1.5670404600e+10,8.6396326200e+06,2.7094919700e+01,6.9114791500e-01,2.0060428500e-02,2.4574456400e+00,3.7393211300e+33
2.2686722900e-01,1.5789455700e+10,8.5905654300e+06,2.6619985800e+01,6.9171253900e-01,2.0055021900e-02,2.4737657600e+00,3.7452384100e+33
2.2857389900e-01,1.5908236200e+10,8.5419776600e+06,2.6153182500e+01,6.9225557700e-01,2.0049694100e-02,2.4901715600e+00,3.7508788400e+33
2.3027679500e-01,1.6026754000e+10,8.4938622500e+06,2.5694361600e+01,6.9277786800e-01,2.0044614900e-02,2.5066769400e+00,3.7562552200e+33
2.3197603000e-01,1.6145017000e+10,8.4462122200e+06,2.5243379100e+01,6.9328021200e-01,2.0039599000e-02,2.5232713900e+00,3.7613798400e+33
2.3367171300e-01,1.6263032800e+10,8.3990210100e+06,2.4800094400e+01,6.9376335800e-01,2.0034376200e-02,2.5399376300e+00,3.7662644600e+33
2.3536395500e-01,1.6380809000e+10,8.3522821400e+06,2.4364370300e+01,6.9422802000e-01,2.0029187200e-02,2.5566943200e+00,3.7709203500e+33
2.3705286200e-01,1.6498353200e+10,8.3059890000e+06,2.3936073500e+01,6.9467490600e-01,2.0024187600e-02,2.5735549400e+00,3.7753583000e+33
2.3873853800e-01,1.6615672500e+10,8.2601348900e+06,2.3515076400e+01,6.9510470800e-01,2.0019405100e-02,2.5905243500e+00,3.7795886400e+33
2.4042108800e-01,1.6732774200e+10,8.2147132900e+06,2.3101265300e+01,6.9551809600e-01,2.0014757400e-02,2.6075999500e+00,3.7836212800e+33
2.4210061000e-01,1.6849665300e+10,8.1697178100e+06,2.2694516000e+01,6.9591571200e-01,2.0010162200e-02,2.6247782700e+00,3.7874656700e+33
2.4377720500e-01,1.6966352600e+10,8.1251422000e+06,2.2294705000e+01,6.9629816800e-01,2.0005661100e-02,2.6420649000e+00,3.7911308700e+33
2.4545097000e-01,1.7082842900e+10,8.0809810700e+06,2.1901710500e+01,6.9666599500e-01,2.0001177400e-02,2.6593658600e+00,3.7946255300e+33
2.4712199900e-01,1.7199142800e+10,8.0372275700e+06,2.1515416300e+01,6.9701978900e-01,1.9996716400e-02,2.6769628800e+00,3.7979579000e+33
2.4879038800e-01,1.7315258900e+10,7.9938749200e+06,2.1135708700e+01,6.9736013400e-01,1.9992356900e-02,2.6945903800e+00,3.8011358100e+33
2.5045622800e-01,1.7431197700e+10,7.9509179000e+06,2.0762475300e+01,6.9768749700e-01,1.9987993200e-02,2.7123296600e+00,3.8041666600e+33
2.5211961100e-01,1.7546965500e+10,7.9083463800e+06,2.0395612200e+01,6.9800267500e-01,1.9983525700e-02,2.7307396900e+00,3.8070573800e+33
2.5378062500e-01,1.7662568400e+10,7.8661494700e+06,2.0035019800e+01,6.9830642000e-01,1.9979000600e-02,2.7493955700e+00,3.8098143600e+33
2.5543935700e-01,1.7778012400e+10,7.8243206000e+06,1.9680595400e+01,6.9859907700e-01,1.9974511300e-02,2.7681883000e+00,3.8124434000e+33
2.5709589200e-01,1.7893303600e+10,7.7828541800e+06,1.9332237000e+01,6.9888093900e-01,1.9970056300e-02,2.7871189700e+00,3.8149496700e+33
2.5875031400e-01,1.8008447700e+10,7.7417447600e+06,1.8989843600e+01,6.9915232700e-01,1.9965632200e-02,2.8061886100e+00,3.8173376200e+33
2.6040270500e-01,1.8123450400e+10,7.7009870100e+06,1.8653315700e+01,6.9941358200e-01,1.9961235300e-02,2.8253981700e+00,3.8196109600e+33
2.6205314500e-01,1.8238317400e+10,7.6605757100e+06,1.8322555300e+01,6.9966506900e-01,1.9956873300e-02,2.8447495700e+00,3.8217726800e+33
2.6370171500e-01,1.8353054200e+10,7.6205057600e+06,1.7997465500e+01,6.9990717300e-01,1.9952557700e-02,2.8642450800e+00,3.8238250600e+33
2.6534849100e-01,1.8467666200e+10,7.5807721700e+06,1.7677952100e+01,7.0014030100e-01,1.9948292400e-02,2.8838872000e+00,3.8257697700e+33
2.6699355100e-01,1.8582158700e+10,7.5413700600e+06,1.7363931300e+01,7.0036487900e-01,1.9944069800e-02,2.9036770200e+00,3.8276080300e+33
2.6863697000e-01,1.8696537000e+10,7.5022947200e+06,1.7055310700e+01,7.0058135000e-01,1.9939883300e-02,2.9236148700e+00,3.8293407800e+33
2.7027882100e-01,1.8810806200e+10,7.4635415300e+06,1.6751997000e+01,7.0079017600e-01,1.9935732200e-02,2.9437019000e+00,3.8309688900e+33
2.7191917600e-01,1.8924971300e+10,7.4251060200e+06,1.6453897900e+01,7.0099188200e-01,1.9931617500e-02,2.9639394000e+00,3.8324934200e+33
2.7355810900e-01,1.9039037400e+10,7.3869838200e+06,1.6160919100e+01,7.0118727800e-01,1.9927541100e-02,2.9843286800e+00,3.8339158200e+33
2.7519569200e-01,1.9153009500e+10,7.3491706800e+06,1.5872959900e+01,7.0137786400e-01,1.9923505300e-02,3.0048710100e+00,3.8352381000e+33
2.7683199700e-01,1.9266892700e+10,7.3116624300e+06,1.5589924000e+01,7.0156498400e-01,1.9919512700e-02,3.0255677300e+00,3.8364628900e+33
2.7846709800e-01,1.9380692100e+10,7.2744549900e+06,1.5311721300e+01,7.0174966100e-01,1.9915565500e-02,3.0464201500e+00,3.8375934800e+33
2.8010106700e-01,1.9494412800e+10,7.2375443600e+06,1.5038267200e+01,7.0193260200e-01,1.9911662000e-02,3.0674292800e+00,3.8386339800e+33
2.8173397800e-01,1.9608059700e+10,7.2009265900e+06,1.4769482300e+01,7.0211420200e-01,1.9907801000e-02,3.0885962100e+00,3.8395897700e+33
2.8336590100e-01,1.9721637900e+10,7.1645978200e+06,1.4505290900e+01,7.0229467900e-01,1.9903994900e-02,3.1099233600e+00,3.8404665600e+33
2.8499690700e-01,1.9835152400e+10,7.1285541700e+06,1.4245619100e+01,7.0247417900e-01,1.9900249100e-02,3.1314125900e+00,3.8412698700e+33
2.8662706700e-01,1.9948607800e+10,7.0927918900e+06,1.3990395600e+01,7.0265271400e-01,1.9896490900e-02,3.1530583200e+00,3.8420054100e+33
2.8825644700e-01,2.0062009100e+10,7.0573073600e+06,1.3739550900e+01,7.0283018300e-01,1.9892602300e-02,3.1748501500e+00,3.8426789500e+33
2.8988511700e-01,2.0175360900e+10,7.0220970400e+06,1.3493017700e+01,7.0300640200e-01,1.9888653700e-02,3.1967956900e+00,3.8432960900e+33
2.9151314100e-01,2.0288667800e+10,6.9871572800e+06,1.3250731100e+01,7.0318115100e-01,1.9884804200e-02,3.2189119700e+00,3.8438621800e+33
2.9314058300e-01,2.0401934100e+10,6.9524843800e+06,1.3012631900e+01,7.0335420100e-01,1.9881120900e-02,3.2412081500e+00,3.8443822300e+33
2.9476750600e-01,2.0515164400e+10,6.9180746500e+06,1.2778656000e+01,7.0352531800e-01,1.9877561200e-02,3.2636821100e+00,3.8448608400e+33
2.9639397100e-01,2.0628362700e+10,6.8839244800e+06,1.2548738500e+01,7.0369426900e-01,1.9874075300e-02,3.2863307100e+00,3.8453022100e+33
2.9802003700e-01,2.0741533300e+10,6.8500303600e+06,1.2322815400e+01,7.0386083600e-01,1.9870635800e-02,3.3091528700e+00,3.8457101100e+33
2.9964576200e-01,2.0854680200e+10,6.8163888500e+06,1.2100823400e+01,7.0402481900e-01,1.9867225100e-02,3.3321484700e+00,3.8460879100e+33
3.0127120500e-01,2.0967807300e+10,6.7829965500e+06,1.1882699700e+01,7.0418604500e-01,1.9863859500e-02,3.3553208800e+00,3.8464385900e+33
3.0289642000e-01,2.1080918800e+10,6.7498501300e+06,1.1668382300e+01,7.0434437000e-01,1.9860509300e-02,3.3786687200e+00,3.8467647700e+33
3.0452146500e-01,2.1194018200e+10,6.7169463200e+06,1.1457809800e+01,7.0449968000e-01,1.9857157700e-02,3.4021918100e+00,3.8470687800e+33
3.0614639100e-01,2.1307109500e+10,6.6842818900e+06,1.1250921400e+01,7.0465189100e-01,1.9853863200e-02,3.4258981500e+00,3.8473526500e+33
3.0777125400e-01,2.1420196400e+10,6.6518536300e+06,1.1047657000e+01,7.0480094700e-01,1.9850626400e-02,3.4497897300e+00,3.8476181700e+33
3.0939610400e-01,2.1533282300e+10,6.6196583800e+06,1.0847957100e+01,7.0494682000e-01,1.9847432500e-02,3.4738668400e+00,3.8478669000e+33
3.1102099400e-01,2.1646371100e+10,6.5876930600e+06,1.0651763100e+01,7.0508949800e-01,1.9844273100e-02,3.4981304100e+00,3.8481002300e+33
3.1264597400e-01,2.1759466000e+10,6.5559546400e+06,1.0459017000e+01,7.0522898900e-01,1.9841135000e-02,3.5225808300e+00,3.8483193900e+33
3.1427109300e-01,2.1872570700e+10,6.5244401500e+06,1.0269661500e+01,7.0536531600e-01,1.9838011700e-02,3.5472191500e+00,3.8485254500e+33
3.1589640000e-01,2.1985688500e+10,6.4931466900e+06,1.0083640400e+01,7.0549851400e-01,1.9834915800e-02,3.5720486500e+00,3.8487193700e+33
3.1752194400e-01,2.2098822700e+10,6.4620713500e+06,9.9008997400e+00,7.0562863300e-01,1.9831860000e-02,3.5970729500e+00,3.8489020200e+33
3.1914777000e-01,2.2211976600e+10,6.4312113100e+06,9.7213893500e+00,7.0575573800e-01,1.9828840100e-02,3.6222942100e+00,3.8490741700e+33
3.2077392500e-01,2.2325153400e+10,6.4005637700e+06,9.5450543000e+00,7.0587990800e-01,1.9825847200e-02,3.6477132600e+00,3.8492365100e+33
3.2240045300e-01,2.2438356200e+10,6.3701260100e+06,9.3718403300e+00,7.0600122300e-01,1.9822875700e-02,3.6733313000e+00,3.8493896700e+33
3.2402739900e-01,2.2551588000e+10,6.3398953400e+06,9.2016940400e+00,7.0611976900e-01,1.9819923100e-02,3.6991498500e+00,3.8495342300e+33
3.2565480600e-01,2.2664851900e+10,6.3098691300e+06,9.0345629200e+00,7.0623563600e-01,1.9816971700e-02,3.7251685300e+00,3.8496707200e+33
3.2728271800e-01,2.2778151000e+10,6.2800442700e+06,8.8703958200e+00,7.0634895900e-01,1.9814004500e-02,3.7515289500e+00,3.8497996000e+33
3.2891117700e-01,2.2891488100e+10,6.2504176500e+06,8.7091425000e+00,7.0645986000e-01,1.9811036100e-02,3.7780953100e+00,3.8499213400e+33
3.3054022600e-01,2.3004866300e+10,6.2209868100e+06,8.5507531300e+00,7.0656841200e-01,1.9808082100e-02,3.8048701200e+00,3.8500363300e+33
3.3216990400e-01,2.3118288300e+10,6.1917493000e+06,8.3951787400e+00,7.0667468200e-01,1.9805143600e-02,3.8318551000e+00,3.8501449600e+33
3.3380025400e-01,2.3231757000e+10,6.1627027100e+06,8.2423711700e+00,7.0677873800e-01,1.9802217500e-02,3.8590514500e+00,3.8502475800e+33
3.3543131600e-01,2.3345275300e+10,6.1338446800e+06,8.0922830400e+00,7.0688064600e-01,1.9799307100e-02,3.8864611600e+00,3.8503445200e+33
3.3706312900e-01,2.3458845900e+10,6.1051729000e+06,7.9448677600e+00,7.0698047300e-01,1.9796416500e-02,3.9140864100e+00,3.8504360900e+33
3.3869573200e-01,2.3572471400e+10,6.0766851000e+06,7.8000795200e+00,7.0707828600e-01,1.9793535900e-02,3.9419275300e+00,3.8505225900e+33
3.4032916500e-01,2.3686154700e+10,6.0483790400e+06,7.6578732300e+00,7.0717414600e-01,1.9790659600e-02,3.9699853400e+00,3.8506042700e+33
3.4196346400e-01,2.3799898300e+10,6.0202525300e+06,7.5182046100e+00,7.0726811500e-01,1.9787803600e-02,3.9982636200e+00,3.8506814100e+33
3.4359866800e-01,2.3913704900e+10,5.9923034000e+06,7.3810329900e+00,7.0736025900e-01,1.9784981900e-02,4.0267665600e+00,3.8507542300e+33
3.4523481300e-01,2.4027576900e+10,5.9645295200e+06,7.2463161000e+00,7.0745064800e-01,1.9782186000e-02,4.0554949600e+00,3.8508229800e+33
3.4687193400e-01,2.4141516900e+10,5.9369287800e+06,7.1140107200e+00,7.0753934900e-01,1.9779404800e-02,4.0844488700e+00,3.8508878500e+33
3.4851006700e-01,2.4255527400e+10,5.9094991300e+06,6.9840748400e+00,7.0762642600e-01,1.9776650500e-02,4.1136316400e+00,3.8509490600e+33
3.5014924800e-01,2.4369610700e+10,5.8822385400e+06,6.8564672000e+00,7.0771194600e-01,1.9773942300e-02,4.1430477300e+00,3.8510068000e+33
3.5178951000e-01,2.4483769300e+10,5.8551449900e+06,6.7311472900e+00,7.0779596900e-01,1.9771266000e-02,4.1726969500e+00,3.8510612400e+33
3.5343088700e-01,2.4598005500e+10,5.8282166000e+06,6.6080752500e+00,7.0787854800e-01,1.9768471600e-02,4.2025592800e+00,3.8511125600e+33
3.5507341500e-01,2.4712321800e+10,5.8014515800e+06,6.4872119000e+00,7.0795972200e-01,1.9765527400e-02,4.2326308800e+00,3.8511609200e+33
3.5671712500e-01,2.4826720400e+10,5.7748481500e+06,6.3685187600e+00,7.0803953100e-01,1.9762557500e-02,4.2629307900e+00,3.8512064800e+33
3.5836205200e-01,2.4941203600e+10,5.7484044500e+06,6.2519580600e+00,7.0811802800e-01,1.9759662400e-02,4.2934754400e+00,3.8512493800e+33
3.6000822600e-01,2.5055773700e+10,5.7221186000e+06,6.1374927400e+00,7.0819526600e-01,1.9756863800e-02,4.3242701800e+00,3.8512897700e+33
3.6165568200e-01,2.5170433000e+10,5.6959887500e+06,6.0250863800e+00,7.0827129900e-01,1.9754144900e-02,4.3553147300e+00,3.8513277600e+33
3.6330444900e-01,2.5285183500e+10,5.6700130900e+06,5.9147031500e+00,7.0834617700e-01,1.9751480000e-02,4.3866072900e+00,3.8513634900e+33
3.6495456000e-01,2.5400027600e+10,5.6441898600e+06,5.8063078400e+00,7.0841994100e-01,1.9748838900e-02,4.4181451700e+00,3.8513970700e+33
3.6660604500e-01,2.5514967300e+10,5.6185173500e+06,5.6998658200e+00,7.0849263300e-01,1.9746207800e-02,4.4499280900e+00,3.8514286200e+33
3.6825893500e-01,2.5630004700e+10,5.5929938900e+06,5.5953435500e+00,7.0856429000e-01,1.9743597200e-02,4.4819595600e+00,3.8514582500e+33
3.6991325800e-01,2.5745141900e+10,5.5676178100e+06,5.4927102600e+00,7.0863495900e-01,1.9741013700e-02,4.5142433700e+00,3.8514860400e+33
3.7156904300e-01,2.5860380900e+10,5.5423874800e+06,5.3919329000e+00,7.0870469400e-01,1.9738454000e-02,4.5467809100e+00,3.8515121100e+33
3.7322631900e-01,2.5975723600e+10,5.5173013800e+06,5.2929784700e+00,7.0877354100e-01,1.9735910500e-02,4.5795342900e+00,3.8515365400e+33
3.7488511300e-01,2.6091172000e+10,5.4923580800e+06,5.1958143700e+00,7.0884153000e-01,1.9733378400e-02,4.6125265100e+00,3.8515594100e+33
3.7654545300e-01,2.6206728000e+10,5.4675560800e+06,5.1004083000e+00,7.0890869400e-01,1.9730859300e-02,4.6457773600e+00,3.8515808100e+33
3.7820736600e-01,2.6322393500e+10,5.4428938200e+06,5.0067288000e+00,7.0897506900e-01,1.9728350200e-02,4.6792881600e+00,3.8516008200e+33
3.7987088000e-01,2.6438170400e+10,5.4183698000e+06,4.9147453800e+00,7.0904068500e-01,1.9725848100e-02,4.7130603200e+00,3.8516195100e+33
3.8153602200e-01,2.6554060500e+10,5.3939825200e+06,4.8244280900e+00,7.0910557500e-01,1.9723358200e-02,4.7470966400e+00,3.8516369500e+33
3.8320281800e-01,2.6670065800e+10,5.3697305100e+06,4.7357475300e+00,7.0916976800e-01,1.9720882100e-02,4.7813993900e+00,3.8516532100e+33
3.8487129400e-01,2.6786188100e+10,5.3456123200e+06,4.6486748100e+00,7.0923329300e-01,1.9718410200e-02,4.8159688900e+00,3.8516683500e+33
3.8654147600e-01,2.6902429000e+10,5.3216265400e+06,4.5631815500e+00,7.0929617400e-01,1.9715939100e-02,4.8508064500e+00,3.8516824200e+33
3.8821339000e-01,2.7018790600e+10,5.2977717500e+06,4.4792398600e+00,7.0935843600e-01,1.9713481000e-02,4.8859161700e+00,3.8516955000e+33
3.8988706100e-01,2.7135274300e+10,5.2740465600e+06,4.3968223500e+00,7.0942010500e-01,1.9711050600e-02,4.9213026500e+00,3.8517076200e+33
3.9156251400e-01,2.7251882100e+10,5.2504495900e+06,4.3159021100e+00,7.0948120400e-01,1.9708644800e-02,4.9569675000e+00,3.8517188400e+33
3.9323977200e-01,2.7368615600e+10,5.2269795100e+06,4.2364526900e+00,7.0954175100e-01,1.9706206300e-02,4.9929023900e+00,3.8517292200e+33
3.9491886100e-01,2.7485476400e+10,5.2036350200e+06,4.1584494600e+00,7.0960176500e-01,1.9703731800e-02,5.0291090200e+00,3.8517387900e+33
3.9659980200e-01,2.7602466200e+10,5.1804148400e+06,4.0818679200e+00,7.0966126800e-01,1.9701238500e-02,5.0655927400e+00,3.8517476000e+33
3.9828261800e-01,2.7719586500e+10,5.1573177000e+06,4.0066825300e+00,7.0972028700e-01,1.9698739300e-02,5.1023577100e+00,3.8517557000e+33
3.9996733100e-01,2.7836838800e+10,5.1343423300e+06,3.9328682300e+00,7.0977884800e-01,1.9696241200e-02,5.1394069800e+00,3.8517631100e+33
4.0165396300e-01,2.7954224600e+10,5.1114874800e+06,3.8604004400e+00,7.0983697700e-01,1.9693743800e-02,5.1767423900e+00,3.8517698900e+33
4.0334253600e-01,2.8071745500e+10,5.0887519200e+06,3.7892550100e+00,7.0989469700e-01,1.9691244000e-02,5.2143651600e+00,3.8517760500e+33
4.0503307000e-01,2.8189402900e+10,5.0661344500e+06,3.7194082500e+00,7.0995203000e-01,1.9688737400e-02,5.2522763000e+00,3.8517816500e+33
4.0672558600e-01,2.8307198300e+10,5.0436338600e+06,3.6508368800e+00,7.1000899700e-01,1.9686220400e-02,5.2904768600e+00,3.8517867000e+33
4.0842010500e-01,2.8425133100e+10,5.0212489900e+06,3.5835180500e+00,7.1006561800e-01,1.9683714800e-02,5.3289729600e+00,3.8517912500e+33
4.1011664800e-01,2.8543208700e+10,4.9989791000e+06,3.5174292600e+00,7.1012184700e-01,1.9681290000e-02,5.3675524300e+00,3.8517953100e+33
4.1181523500e-01,2.8661426600e+10,4.9768238000e+06,3.4525475500e+00,7.1017760900e-01,1.9678945100e-02,5.4062744800e+00,3.8517989200e+33
4.1351588600e-01,2.8779788100e+10,4.9547822800e+06,3.3888508800e+00,7.1023288900e-01,1.9676624000e-02,5.4452904300e+00,3.8518021000e+33
4.1521862100e-01,2.8898294700e+10,4.9328534200e+06,3.3263180700e+00,7.1028771200e-01,1.9674321800e-02,5.4846018700e+00,3.8518048700e+33
4.1692346000e-01,2.9016947700e+10,4.9110361300e+06,3.2649283100e+00,7.1034209900e-01,1.9672029900e-02,5.5242095900e+00,3.8518072700e+33
4.1863042200e-01,2.9135748500e+10,4.8893293400e+06,3.2046611800e+00,7.1039606800e-01,1.9669738600e-02,5.5641141600e+00,3.8518093000e+33
4.2033952700e-01,2.9254698400e+10,4.8677319800e+06,3.1454969000e+00,7.1044963400e-01,1.9667457100e-02,5.6043201700e+00,3.8518110000e+33
4.2205079300e-01,2.9373798700e+10,4.8462430000e+06,3.0874171900e+00,7.1050282100e-01,1.9665199000e-02,5.6448340500e+00,3.8518123800e+33
4.2376423800e-01,2.9493050700e+10,4.8248613300e+06,3.0304025500e+00,7.1055565200e-01,1.9662959800e-02,5.6856576000e+00,3.8518134700e+33
4.2547987800e-01,2.9612455400e+10,4.8035859300e+06,2.9744336600e+00,7.1060815200e-01,1.9660728100e-02,5.7267910000e+00,3.8518142600e+33
4.2719773100e-01,2.9732014200e+10,4.7824158000e+06,2.9194915700e+00,7.1066034300e-01,1.9658510600e-02,5.7682382400e+00,3.8518148000e+33
4.2891781400e-01,2.9851728100e+10,4.7613498800e+06,2.8655576800e+00,7.1071224400e-01,1.9656332200e-02,5.8100074400e+00,3.8518150900e+33
4.3064014300e-01,2.9971598400e+10,4.7403871700e+06,2.8126137400e+00,7.1076387700e-01,1.9654192900e-02,5.8521014500e+00,3.8518151400e+33
4.3236473400e-01,3.0091626100e+10,4.7195266600e+06,2.7606418500e+00,7.1081525900e-01,1.9652029200e-02,5.8945090700e+00,3.8518149700e+33
4.3409160400e-01,3.0211812500e+10,4.6987674200e+06,2.7096244000e+00,7.1086639600e-01,1.9649793100e-02,5.9372218300e+00,3.8518146000e+33
4.3582076900e-01,3.0332158500e+10,4.6781085600e+06,2.6595441200e+00,7.1091729300e-01,1.9647460300e-02,5.9802361500e+00,3.8518140400e+33
4.3755224300e-01,3.0452665300e+10,4.6575491900e+06,2.6103840500e+00,7.1096795200e-01,1.9645057000e-02,6.0235597200e+00,3.8518132900e+33
4.3928604300e-01,3.0573333900e+10,4.6370883800e+06,2.5621275400e+00,7.1101837600e-01,1.9642661300e-02,6.0672125500e+00,3.8518123800e+33
4.4102218300e-01,3.0694165300e+10,4.6167251900e+06,2.5147582800e+00,7.1106857900e-01,1.9640334400e-02,6.1112116600e+00,3.8518113000e+33
4.4276067700e-01,3.0815160700e+10,4.5964586000e+06,2.4682602700e+00,7.1111857600e-01,1.9638136000e-02,6.1555744000e+00,3.8518100800e+33
4.4450154100e-01,3.0936320900e+10,4.5762876200e+06,2.4226177800e+00,7.1116838300e-01,1.9636038200e-02,6.2002981100e+00,3.8518087200e+33
4.4624478700e-01,3.1057647000e+10,4.5562112900e+06,2.3778153800e+00,7.1121801000e-01,1.9633963600e-02,6.2453680300e+00,3.8518072400e+33
4.4799043000e-01,3.1179139900e+10,4.5362287000e+06,2.3338387800e+00,7.1126746100e-01,1.9631859500e-02,6.2907753700e+00,3.8518056300e+33
4.4973848200e-01,3.1300800400e+10,4.5163390000e+06,2.2906734200e+00,7.1131674500e-01,1.9629723400e-02,6.3365225500e+00,3.8518039100e+33
4.5148895500e-01,3.1422629500e+10,4.4965412900e+06,2.2483045000e+00,7.1136587000e-01,1.9627588900e-02,6.3826202900e+00,3.8518020900e+33
4.5324186100e-01,3.1544627800e+10,4.4768346900e+06,2.2067168900e+00,7.1141484300e-01,1.9625479000e-02,6.4290765500e+00,3.8518001700e+33
4.5499721100e-01,3.1666796300e+10,4.4572183200e+06,2.1658962000e+00,7.1146367200e-01,1.9623400600e-02,6.4758959400e+00,3.8517981600e+33
4.5675501900e-01,3.1789135800e+10,4.4376912700e+06,2.1258284800e+00,7.1151235800e-01,1.9621348800e-02,6.5230804200e+00,3.8517960700e+33
4.5851529400e-01,3.1911647100e+10,4.4182526900e+06,2.0865000500e+00,7.1156090200e-01,1.9619319700e-02,6.5706322500e+00,3.8517939000e+33
4.6027804900e-01,3.2034330900e+10,4.3989017100e+06,2.0478974700e+00,7.1160930500e-01,1.9617308000e-02,6.6185532900e+00,3.8517916600e+33
4.6204329500e-01,3.2157188100e+10,4.3796374800e+06,2.0100075500e+00,7.1165757600e-01,1.9615300800e-02,6.6668433600e+00,3.8517893600e+33
4.6381104100e-01,3.2280219300e+10,4.3604591600e+06,1.9728173100e+00,7.1170571700e-01,1.9613260300e-02,6.7154957600e+00,3.8517869900e+33
4.6558128900e-01,3.2403424600e+10,4.3413659300e+06,1.9363335600e+00,7.1175377700e-01,1.9611208700e-02,6.7645442700e+00,3.8517845800e+33
4.6735404900e-01,3.2526804800e+10,4.3223569300e+06,1.9005046000e+00,7.1180171600e-01,1.9609192000e-02,6.8139544700e+00,3.8517821100e+33
4.6912933900e-01,3.2650361100e+10,4.3034313800e+06,1.8653379900e+00,7.1184944200e-01,1.9607207300e-02,6.8637535700e+00,3.8517796000e+33
4.7090716900e-01,3.2774094000e+10,4.2845872300e+06,1.8308219700e+00,7.1189713800e-01,1.9605274100e-02,6.9148143100e+00,3.8517770400e+33
4.7268754500e-01,3.2898004300e+10,4.2658236600e+06,1.7969446600e+00,7.1194484700e-01,1.9603344900e-02,6.9654127300e+00,3.8517744600e+33
4.7447047800e-01,3.3022092500e+10,4.2471410300e+06,1.7636942400e+00,7.1199242300e-01,1.9601382900e-02,7.0163939300e+00,3.8517718300e+33
4.7625597300e-01,3.3146359000e+10,4.2285385500e+06,1.7310600400e+00,7.1203986400e-01,1.9599429500e-02,7.0677734000e+00,3.8517691800e+33
4.7804403900e-01,3.3270804400e+10,4.2100154100e+06,1.6990308700e+00,7.1208718300e-01,1.9597495500e-02,7.1195578000e+00,3.8517665000e+33
4.7983468100e-01,3.3395429100e+10,4.1915708100e+06,1.6675955900e+00,7.1213438700e-01,1.9595585500e-02,7.1717520300e+00,3.8517638000e+33
4.8162790500e-01,3.3520233500e+10,4.1732039500e+06,1.6367432800e+00,7.1218148200e-01,1.9593687100e-02,7.2243563500e+00,3.8517610800e+33
4.8342371800e-01,3.3645218100e+10,4.1549140600e+06,1.6064632100e+00,7.1222846700e-01,1.9591778600e-02,7.2773681800e+00,3.8517583400e+33
4.8522212400e-01,3.3770383200e+10,4.1367003500e+06,1.5767448700e+00,7.1227534500e-01,1.9589874400e-02,7.3307951600e+00,3.8517555900e+33
4.8702312900e-01,3.3895729100e+10,4.1185620400e+06,1.5475779500e+00,7.1232211700e-01,1.9587999300e-02,7.3846481600e+00,3.8517528200e+33
4.8882673700e-01,3.4021256200e+10,4.1004983300e+06,1.5189523100e+00,7.1236878800e-01,1.9586180400e-02,7.4389390900e+00,3.8517500400e+33
4.9063295300e-01,3.4146964900e+10,4.0825084100e+06,1.4908580500e+00,7.1241536300e-01,1.9584430000e-02,7.4936760900e+00,3.8517472600e+33
4.9244178100e-01,3.4272855300e+10,4.0645914700e+06,1.4632854100e+00,7.1246184800e-01,1.9582750200e-02,7.5488644500e+00,3.8517444700e+33
4.9425322400e-01,3.4398927700e+10,4.0467467100e+06,1.4362248400e+00,7.1250824800e-01,1.9581131900e-02,7.6045062300e+00,3.8517416800e+33
4.9606728600e-01,3.4525182400e+10,4.0289733100e+06,1.4096669500e+00,7.1255456200e-01,1.9579566600e-02,7.6606037400e+00,3.8517388800e+33
4.9788396900e-01,3.4651619500e+10,4.0112705000e+06,1.3836025500e+00,7.1260079000e-01,1.9578052900e-02,7.7171613300e+00,3.8517360900e+33
4.9970327500e-01,3.4778239200e+10,3.9936374800e+06,1.3580225500e+00,7.1264693100e-01,1.9576566000e-02,7.7741762500e+00,3.8517333000e+33
5.0152520800e-01,3.4905041600e+10,3.9760733400e+06,1.3329177400e+00,7.1269300600e-01,1.9575007500e-02,7.8317805700e+00,3.8517305100e+33
5.0334976800e-01,3.5032027000e+10,3.9585767700e+06,1.3082798400e+00,7.1273908900e-01,1.9573310400e-02,7.8902003200e+00,3.8517277200e+33
5.0517695700e-01,3.5159195200e+10,3.9411466400e+06,1.2841006700e+00,7.1278522600e-01,1.9571553100e-02,7.9490796000e+00,3.8517249400e+33
5.0700677300e-01,3.5286546400e+10,3.9237822000e+06,1.2603717900e+00,7.1283141000e-01,1.9569797300e-02,8.0084410800e+00,3.8517221700e+33
5.0883921700e-01,3.5414080500e+10,3.9064826600e+06,1.2370848900e+00,7.1287763600e-01,1.9568063800e-02,8.0682954200e+00,3.8517194000e+33
5.1067428800e-01,3.5541797300e+10,3.8892472500e+06,1.2142318400e+00,7.1292389600e-01,1.9566360100e-02,8.1286493500e+00,3.8517166500e+33
5.1251198500e-01,3.5669696900e+10,3.8720751800e+06,1.1918046500e+00,7.1297018800e-01,1.9564686000e-02,8.1895073200e+00,3.8517139000e+33
5.1435230500e-01,3.5797779100e+10,3.8549656700e+06,1.1697954900e+00,7.1301650300e-01,1.9563036500e-02,8.2508724200e+00,3.8517111700e+33
5.1619524600e-01,3.5926043700e+10,3.8379179300e+06,1.1481966600e+00,7.1306283700e-01,1.9561406500e-02,8.3127475000e+00,3.8517084500e+33
5.1804080500e-01,3.6054490600e+10,3.8209312100e+06,1.1270006400e+00,7.1310918100e-01,1.9559793700e-02,8.3751365800e+00,3.8517057400e+33
5.1988897900e-01,3.6183119400e+10,3.8040047200e+06,1.1062000000e+00,7.1315552800e-01,1.9558201500e-02,8.4380455800e+00,3.8517030400e+33
5.2173976400e-01,3.6311929900e+10,3.7871376900e+06,1.0857874800e+00,7.1320187000e-01,1.9556632500e-02,8.5014802200e+00,3.8517003600e+33
5.2359315600e-01,3.6440921800e+10,3.7703293500e+06,1.0657559500e+00,7.1324819700e-01,1.9555072500e-02,8.5654407800e+00,3.8516977000e+33
5.2544914800e-01,3.6570094800e+10,3.7535789500e+06,1.0460984000e+00,7.1329449800e-01,1.9553504700e-02,8.6299265700e+00,3.8516950500e+33
5.2730773700e-01,3.6699448400e+10,3.7368857200e+06,1.0268079700e+00,7.1334076200e-01,1.9551962900e-02,8.6949540700e+00,3.8516924200e+33
5.2916891500e-01,3.6828982300e+10,3.7202488700e+06,1.0078779100e+00,7.1338698000e-01,1.9550500500e-02,8.7605473500e+00,3.8516898000e+33
5.3103267500e-01,3.6958695900e+10,3.7036675900e+06,9.8930168800e-01,7.1343314400e-01,1.9549092300e-02,8.8267042300e+00,3.8516872000e+33
5.3289901000e-01,3.7088588700e+10,3.6871411100e+06,9.7107317600e-01,7.1347924600e-01,1.9547653800e-02,8.8934024700e+00,3.8516846200e+33
5.3476791000e-01,3.7218660000e+10,3.6706687000e+06,9.5318594800e-01,7.1352527100e-01,1.9546123500e-02,8.9606253600e+00,3.8516820600e+33
5.3663936700e-01,3.7348909200e+10,3.6542496500e+06,9.3563365500e-01,7.1357120300e-01,1.9544512400e-02,9.0283812200e+00,3.8516795100e+33
5.3851336900e-01,3.7479335600e+10,3.6378832300e+06,9.1841007800e-01,7.1361702600e-01,1.9542893500e-02,9.0967010300e+00,3.8516769800e+33
5.4038990600e-01,3.7609938400e+10,3.6215686300e+06,9.0150912100e-01,7.1366273200e-01,1.9541355100e-02,9.1656226600e+00,3.8516744800e+33
5.4226896700e-01,3.7740716900e+10,3.6053050300e+06,8.8492481500e-01,7.1370831700e-01,1.9539907300e-02,9.2351571800e+00,3.8516719900e+33
5.4415054000e-01,3.7871670200e+10,3.5890916000e+06,8.6865130100e-01,7.1375377600e-01,1.9538545100e-02,9.3053102700e+00,3.8516695200e+33
5.4603461100e-01,3.8002797400e+10,3.5729274900e+06,8.5268283600e-01,7.1379910100e-01,1.9537262900e-02,9.3760877900e+00,3.8516670700e+33
5.4792116800e-01,3.8134097500e+10,3.5568118800e+06,8.3701378300e-01,7.1384427900e-01,1.9536041100e-02,9.4474903800e+00,3.8516646500e+33
5.4981019700e-01,3.8265569700e+10,3.5407439300e+06,8.2163861300e-01,7.1388929700e-01,1.9534867200e-02,9.5195212900e+00,3.8516622400e+33
5.5170168200e-01,3.8397212900e+10,3.5247228300e+06,8.0655190100e-01,7.1393413400e-01,1.9533720800e-02,9.5921808800e+00,3.8516598500e+33
5.5359560900e-01,3.8529026000e+10,3.5087477400e+06,7.9174832400e-01,7.1397876700e-01,1.9532591700e-02,9.6654733400e+00,3.8516574800e+33
5.5549195900e-01,3.8661007800e+10,3.4928178400e+06,7.7722262700e-01,7.1402317000e-01,1.9531510500e-02,9.7394184900e+00,3.8516551400e+33
5.5739071800e-01,3.8793157200e+10,3.4769322700e+06,7.6296946200e-01,7.1406731300e-01,1.9530503400e-02,9.8140344500e+00,3.8516528100e+33
5.5929186700e-01,3.8925473000e+10,3.4610901700e+06,7.4898379200e-01,7.1411116000e-01,1.9529540600e-02,9.8893190000e+00,3.8516505100e+33
5.6119538800e-01,3.9057953800e+10,3.4452906700e+06,7.3526093000e-01,7.1415467300e-01,1.9528603800e-02,9.9652757500e+00,3.8516482200e+33
5.6310126200e-01,3.9190598300e+10,3.4295329000e+06,7.2179619100e-01,7.1419781300e-01,1.9527706700e-02,1.0041920700e+01,3.8516459600e+33
5.6500946600e-01,3.9323405100e+10,3.4138159900e+06,7.0858479700e-01,7.1424054200e-01,1.9526857300e-02,1.0119267400e+01,3.8516437200e+33
5.6691998000e-01,3.9456372700e+10,3.3981390200e+06,6.9562206700e-01,7.1428282300e-01,1.9526071800e-02,1.0197333300e+01,3.8516414900e+33
5.6883278000e-01,3.9589499300e+10,3.3825010600e+06,6.8290341100e-01,7.1432461400e-01,1.9525386500e-02,1.0276144600e+01,3.8516392900e+33
5.7074784400e-01,3.9722783500e+10,3.3669011600e+06,6.7042433400e-01,7.1436587500e-01,1.9524812100e-02,1.0355718500e+01,3.8516371100e+33
5.7266514500e-01,3.9856223400e+10,3.3513383400e+06,6.5818042700e-01,7.1440656200e-01,1.9524326900e-02,1.0436059300e+01,3.8516349500e+33
5.7458466000e-01,3.9989817400e+10,3.3358116300e+06,6.4616736400e-01,7.1444662500e-01,1.9523920200e-02,1.0517176200e+01,3.8516328100e+33
5.7650636000e-01,4.0123563400e+10,3.3203200300e+06,6.3438090600e-01,7.1448601300e-01,1.9523620800e-02,1.0599095500e+01,3.8516306900e+33
5.7843021800e-01,4.0257459700e+10,3.3048625000e+06,6.2281689800e-01,7.1452467600e-01,1.9523465500e-02,1.0681848000e+01,3.8516286000e+33
5.8035620400e-01,4.0391504100e+10,3.2894379900e+06,6.1147126400e-01,7.1456255900e-01,1.9523429100e-02,1.0765439300e+01,3.8516265200e+33
5.8228429000e-01,4.0525694500e+10,3.2740454500e+06,6.0034000500e-01,7.1459960400e-01,1.9523437700e-02,1.0849854800e+01,3.8516244600e+33
5.8421444200e-01,4.0660028800e+10,3.2586838300e+06,5.8941919400e-01,7.1463574700e-01,1.9523521000e-02,1.0935123700e+01,3.8516224200e+33
5.8614662900e-01,4.0794504800e+10,3.2433520200e+06,5.7870498500e-01,7.1467093200e-01,1.9523749800e-02,1.1021294800e+01,3.8516204100e+33
5.8808081600e-01,4.0929119900e+10,3.2280488700e+06,5.6819360400e-01,7.1470510600e-01,1.9524155600e-02,1.1108401700e+01,3.8516184100e+33
5.9001696700e-01,4.1063871700e+10,3.2127731700e+06,5.5788138000e-01,7.1473822300e-01,1.9524744200e-02,1.1196468700e+01,3.8516164300e+33
5.9195504700e-01,4.1198757800e+10,3.1975237000e+06,5.4776487300e-01,7.1477024800e-01,1.9525510400e-02,1.1285517900e+01,3.8516144700e+33
5.9389501500e-01,4.1333775300e+10,3.1822992200e+06,5.3784051900e-01,7.1480115800e-01,1.9526440600e-02,1.1375567100e+01,3.8516125400e+33
5.9583683100e-01,4.1468921400e+10,3.1670984400e+06,5.2810477400e-01,7.1483094500e-01,1.9527519500e-02,1.1466633900e+01,3.8516106200e+33
5.9778045400e-01,4.1604193200e+10,3.1519200600e+06,5.1855416500e-01,7.1485959300e-01,1.9528743900e-02,1.1558752300e+01,3.8516087100e+33
5.9972583900e-01,4.1739587700e+10,3.1367627400e+06,5.0918529400e-01,7.1488708100e-01,1.9530135800e-02,1.1651939400e+01,3.8516068000e+33
6.0167294300e-01,4.1875101800e+10,3.1216251100e+06,4.9999481800e-01,7.1491342100e-01,1.9531727900e-02,1.1746231300e+01,3.8516049200e+33
6.0362171800e-01,4.2010732200e+10,3.1065057400e+06,4.9097945300e-01,7.1493865200e-01,1.9533548000e-02,1.1841671700e+01,3.8516030600e+33
6.0557211700e-01,4.2146475600e+10,3.0914031500e+06,4.8213597500e-01,7.1496283800e-01,1.9535617600e-02,1.1938303500e+01,3.8516012100e+33
6.0752409000e-01,4.2282328700e+10,3.0763157900e+06,4.7346122200e-01,7.1498607300e-01,1.9537955500e-02,1.2036170800e+01,3.8515993900e+33
6.0947758700e-01,4.2418287700e+10,3.0612420600e+06,4.6495208400e-01,7.1500848200e-01,1.9540584700e-02,1.2135322000e+01,3.8515975800e+33
6.1143255400e-01,4.2554349100e+10,3.0461803000e+06,4.5660551000e-01,7.1503022700e-01,1.9543528500e-02,1.2235808700e+01,3.8515958000e+33
6.1338893800e-01,4.2690509100e+10,3.0311287700e+06,4.4841850200e-01,7.1505150700e-01,1.9546797500e-02,1.2337679100e+01,3.8515940300e+33
6.1534668200e-01,4.2826763700e+10,3.0160856800e+06,4.4038811400e-01,7.1507256700e-01,1.9550413200e-02,1.2440989600e+01,3.8515922800e+33
6.1730572900e-01,4.2963109000e+10,3.0010491200e+06,4.3251145500e-01,7.1509369000e-01,1.9554435800e-02,1.2545818700e+01,3.8515905500e+33
6.1926601900e-01,4.3099540800e+10,2.9860171200e+06,4.2478561000e-01,7.1511521700e-01,1.9558916300e-02,1.2652243900e+01,3.8515888400e+33
6.2122749200e-01,4.3236055000e+10,2.9709875900e+06,4.1720774900e-01,7.1513753000e-01,1.9563859300e-02,1.2760324300e+01,3.8515871500e+33
6.2319008400e-01,4.3372647100e+10,2.9559583700e+06,4.0977529200e-01,7.1516105700e-01,1.9569260100e-02,1.2870120900e+01,3.8515854700e+33
6.2515373200e-01,4.3509312600e+10,2.9409272000e+06,4.0248556700e-01,7.1518627300e-01,1.9575172300e-02,1.2981726000e+01,3.8515838100e+33
6.2711836800e-01,4.3646046900e+10,2.9258916700e+06,3.9533594400e-01,7.1521369900e-01,1.9581755000e-02,1.3095290200e+01,3.8515821700e+33
6.2908392400e-01,4.3782845200e+10,2.9108492100e+06,3.8832385400e-01,7.1524389300e-01,1.9589009500e-02,1.3210892400e+01,3.8515805400e+33
6.3105032800e-01,4.3919702600e+10,2.8957970500e+06,3.8144680200e-01,7.1527743900e-01,1.9597304600e-02,1.3328805000e+01,3.8515789300e+33
6.3301750800e-01,4.4056613900e+10,2.8807324500e+06,3.7470233700e-01,7.1531490600e-01,1.9605777600e-02,1.3448678700e+01,3.8515773400e+33
6.3498538700e-01,4.4193574000e+10,2.8656494400e+06,3.6808831800e-01,7.1535743000e-01,1.9625767400e-02,1.3576494400e+01,3.8515757600e+33
6.3695388700e-01,4.4330577200e+10,2.8505468800e+06,3.6160228100e-01,7.1540522000e-01,1.9628939400e-02,1.3697747900e+01,3.8515742000e+33
6.3892292700e-01,4.4467618000e+10,2.8354232500e+06,3.5524176800e-01,7.1545868800e-01,1.9644381800e-02,1.3827514000e+01,3.8515726600e+33
6.4089241600e-01,4.4604690100e+10,2.8202326300e+06,3.4900766900e-01,7.1552699300e-01,1.9794399800e-02,1.4031009600e+01,3.8515711400e+33
6.4286225600e-01,4.4741786600e+10,2.8049936500e+06,3.4289588100e-01,7.1560772400e-01,1.9732071800e-02,1.4126078200e+01,3.8515696400e+33
6.4483235800e-01,4.4878901300e+10,2.7897350600e+06,3.3690166900e-01,7.1569581000e-01,1.9767454000e-02,1.4274925600e+01,3.8515681600e+33
6.4680261000e-01,4.5016026500e+10,2.7743163100e+06,3.3103256800e-01,7.1581988900e-01,2.0148627500e-02,1.4629101600e+01,3.8515667100e+33
6.4877288200e-01,4.5153153100e+10,2.7587955900e+06,3.2528106200e-01,7.1597305200e-01,1.9989384900e-02,1.4668814200e+01,3.8515652900e+33
6.5074307500e-01,4.5290274100e+10,2.7432372900e+06,3.1963996400e-01,7.1614387500e-01,2.0122677400e-02,1.4897014500e+01,3.8515638900e+33
6.5271309500e-01,4.5427383100e+10,2.7276110000e+06,3.1410897300e-01,7.1633917200e-01,2.0046385900e-02,1.4994372400e+01,3.8515625100e+33
6.5468284700e-01,4.5564473500e+10,2.7119401900e+06,3.0868427400e-01,7.1655515400e-01,2.0091421400e-02,1.5174100000e+01,3.8515611400e+33
6.5665223200e-01,4.5701538300e+10,2.6961994500e+06,3.0336546900e-01,7.1679751100e-01,2.0076975200e-02,1.5318569200e+01,3.8515597900e+33
6.5862115000e-01,4.5838570700e+10,2.6803964900e+06,2.9814986500e-01,7.1706559000e-01,2.0082701600e-02,1.5480193300e+01,3.8515584500e+33
6.6058949700e-01,4.5975563200e+10,2.6645209000e+06,2.9303609600e-01,7.1736201400e-01,2.0082547200e-02,1.5642002800e+01,3.8515571200e+33
6.6255716400e-01,4.6112508500e+10,2.6485685400e+06,2.8802240900e-01,7.1768824600e-01,2.0082651700e-02,1.5808310100e+01,3.8515558000e+33
6.6452403900e-01,4.6249398600e+10,2.6325333000e+06,2.8310724800e-01,7.1804597600e-01,2.0081640000e-02,1.5978440400e+01,3.8515545000e+33
6.6649000600e-01,4.6386225600e+10,2.6164102800e+06,2.7828904200e-01,7.1843652100e-01,2.0076293100e-02,1.6150380700e+01,3.8515532100e+33
6.6845494400e-01,4.6522980900e+10,2.6001970600e+06,2.7356613000e-01,7.1886050000e-01,2.0061846100e-02,1.6320891100e+01,3.8515519300e+33
6.7041873000e-01,4.6659656000e+10,2.5838940200e+06,2.6893675100e-01,7.1931775100e-01,2.0034642200e-02,1.6487322100e+01,3.8515506700e+33
6.7238123800e-01,4.6796242200e+10,2.5675034700e+06,2.6439909200e-01,7.1980755300e-01,1.9991245400e-02,1.6648096600e+01,3.8515494100e+33
6.7434233900e-01,4.6932730500e+10,2.5510265400e+06,2.5995147400e-01,7.2032928800e-01,1.9929390600e-02,1.6806867800e+01,3.8515481600e+33
6.7630190200e-01,4.7069111700e+10,2.5344632000e+06,2.5559234100e-01,7.2088246800e-01,1.9853713500e-02,1.6962040100e+01,3.8515469200e+33
6.7825979100e-01,4.7205376400e+10,2.5178111300e+06,2.5132033300e-01,7.2146697800e-01,1.9773749400e-02,1.7119431800e+01,3.8515456900e+33
6.8021586500e-01,4.7341514900e+10,2.5010657100e+06,2.4713429200e-01,7.2208294900e-01,1.9692718200e-02,1.7277624300e+01,3.8515444700e+33
6.8216997700e-01,4.7477516700e+10,2.4842239600e+06,2.4303274400e-01,7.2272993200e-01,1.9604127500e-02,1.7434222700e+01,3.8515432600e+33
6.8412197500e-01,4.7613371500e+10,2.4672833100e+06,2.3901483900e-01,7.2340722000e-01,1.9506526000e-02,1.7590318900e+01,3.8515420500e+33
6.8607169800e-01,4.7749067900e+10,2.4502382200e+06,2.3507944900e-01,7.2411455400e-01,1.9406668100e-02,1.7750437500e+01,3.8515408500e+33
6.8801897700e-01,4.7884594200e+10,2.4330793600e+06,2.3122596400e-01,7.2485236800e-01,1.9308117700e-02,1.7917351800e+01,3.8515396600e+33
6.8996363100e-01,4.8019937800e+10,2.4157951900e+06,2.2745385400e-01,7.2562145300e-01,1.9211494700e-02,1.8092070200e+01,3.8515384700e+33
6.9190546700e-01,4.8155085300e+10,2.3983727300e+06,2.2376268600e-01,7.2642283000e-01,1.9117511300e-02,1.8275766700e+01,3.8515372900e+33
6.9384427800e-01,4.8290022200e+10,2.3807975300e+06,2.2015211900e-01,7.2725779100e-01,1.9026178100e-02,1.8469242300e+01,3.8515361100e+33
6.9577984300e-01,4.8424733200e+10,2.3630547400e+06,2.1662184100e-01,7.2812774200e-01,1.8934818700e-02,1.8671465300e+01,3.8515349300e+33
6.9771192500e-01,4.8559201900e+10,2.3451294400e+06,2.1317154000e-01,7.2903415900e-01,1.8842058400e-02,1.8882275000e+01,3.8515337600e+33
6.9964027300e-01,4.8693410600e+10,2.3270077100e+06,2.0980084000e-01,7.2997839700e-01,1.8742249400e-02,1.9098346400e+01,3.8515325900e+33
7.0156462100e-01,4.8827340900e+10,2.3086735800e+06,2.0650948500e-01,7.3096237100e-01,1.8642476200e-02,1.9325645700e+01,3.8515314200e+33
7.0348468200e-01,4.8960972900e+10,2.2901103800e+06,2.0329745500e-01,7.3198696700e-01,1.8533277400e-02,1.9558055300e+01,3.8515302500e+33
7.0540015100e-01,4.9094285300e+10,2.2713061800e+06,2.0016541500e-01,7.3304579300e-01,1.8406561100e-02,1.9789902600e+01,3.8515290800e+33
7.0731068300e-01,4.9227254100e+10,2.2522430200e+06,1.9711648700e-01,7.3411919800e-01,1.8282049100e-02,2.0037225300e+01,3.8515279100e+33
7.0921586900e-01,4.9359850800e+10,2.2328877100e+06,1.9415632600e-01,7.3517720300e-01,1.8173193400e-02,2.0312891100e+01,3.8515267300e+33
7.1111525800e-01,4.9492044100e+10,2.2132166500e+06,1.9128295100e-01,7.3623689900e-01,1.8032854800e-02,2.0580465200e+01,3.8515255500e+33
7.1307396600e-01,4.9628365800e+10,2.1926118900e+06,1.8838796700e-01,7.3736539800e-01,1.7991184000e-02,2.0960227700e+01,3.8515243100e+33
7.1495765900e-01,4.9759466700e+10,2.1727274200e+06,1.8580105200e-01,7.3736539800e-01,1.7991184000e-02,2.1377144900e+01,3.8515231600e+33
7.1683525800e-01,4.9890143400e+10,2.1530028000e+06,1.8324743600e-01,7.3736539800e-01,1.7991184000e-02,2.1800949400e+01,3.8515220400e+33
7.1870473600e-01,5.0020254900e+10,2.1334573500e+06,1.8072860700e-01,7.3736539800e-01,1.7991184000e-02,2.2231243700e+01,3.8515209400e+33
7.2056605400e-01,5.0149798500e+10,2.1140897100e+06,1.7824439100e-01,7.3736539800e-01,1.7991184000e-02,2.2667994300e+01,3.8515198700e+33
7.2241919000e-01,5.0278772700e+10,2.0948982700e+06,1.7579435200e-01,7.3736539800e-01,1.7991184000e-02,2.3111181000e+01,3.8515188200e+33
7.2426412300e-01,5.0407175900e+10,2.0758814300e+06,1.7337806700e-01,7.3736539800e-01,1.7991184000e-02,2.3560772400e+01,3.8515178000e+33
7.2610083200e-01,5.0535006700e+10,2.0570376100e+06,1.7099508600e-01,7.3736539800e-01,1.7991184000e-02,2.4016721500e+01,3.8515167900e+33
7.2792929500e-01,5.0662263800e+10,2.0383652200e+06,1.6864495700e-01,7.3736539800e-01,1.7991184000e-02,2.4478967700e+01,3.8515158100e+33
7.2974949500e-01,5.0788945600e+10,2.0198627100e+06,1.6632723700e-01,7.3736539800e-01,1.7991184000e-02,2.4947435900e+01,3.8515148500e+33
7.3156141100e-01,5.0915051000e+10,2.0015285200e+06,1.6404148600e-01,7.3736539800e-01,1.7991184000e-02,2.5422036200e+01,3.8515139100e+33
7.3336502700e-01,5.1040578600e+10,1.9833611000e+06,1.6178719400e-01,7.3736539800e-01,1.7991184000e-02,2.5892067000e+01,3.8515130000e+33
7.3516032600e-01,5.1165527500e+10,1.9653589200e+06,1.5956370100e-01,7.3736539800e-01,1.7991184000e-02,2.6361794800e+01,3.8515121000e+33
7.3694729600e-01,5.1289896600e+10,1.9475204500e+06,1.5737066300e-01,7.3736539800e-01,1.7991184000e-02,2.6836562100e+01,3.8515112300e+33
7.3872592300e-01,5.1413685100e+10,1.9298442000e+06,1.5520769600e-01,7.3736539800e-01,1.7991184000e-02,2.7316377600e+01,3.8515103700e+33
7.4049619500e-01,5.1536892100e+10,1.9123286600e+06,1.5307441400e-01,7.3736539800e-01,1.7991184000e-02,2.7801250700e+01,3.8515095300e+33
7.4225809900e-01,5.1659516700e+10,1.8949723800e+06,1.5097043600e-01,7.3736539800e-01,1.7991184000e-02,2.8291192000e+01,3.8515087100e+33
7.4401162200e-01,5.1781558000e+10,1.8777738900e+06,1.4889537900e-01,7.3736539800e-01,1.7991184000e-02,2.8786213300e+01,3.8515079100e+33
7.4575675500e-01,5.1903015400e+10,1.8607317600e+06,1.4684886600e-01,7.3736539800e-01,1.7991184000e-02,2.9286327400e+01,3.8515071300e+33
7.4749348600e-01,5.2023888000e+10,1.8438445600e+06,1.4483052000e-01,7.3736539800e-01,1.7991184000e-02,2.9791548200e+01,3.8515063700e+33
7.4922180400e-01,5.2144175100e+10,1.8271108800e+06,1.4283996800e-01,7.3736539800e-01,1.7991184000e-02,3.0301891000e+01,3.8515056200e+33
7.5094170200e-01,5.2263876200e+10,1.8105293300e+06,1.4087683900e-01,7.3736539800e-01,1.7991184000e-02,3.0817372100e+01,3.8515048900e+33
7.5265316900e-01,5.2382990500e+10,1.7940985400e+06,1.3894076600e-01,7.3736539800e-01,1.7991184000e-02,3.1338009300e+01,3.8515041800e+33
7.5435619700e-01,5.2501517500e+10,1.7778171300e+06,1.3703138300e-01,7.3736539800e-01,1.7991184000e-02,3.1863821400e+01,3.8515034900e+33
7.5605077800e-01,5.2619456600e+10,1.7616837500e+06,1.3514832900e-01,7.3736539800e-01,1.7991184000e-02,3.2394828800e+01,3.8515028100e+33
7.5773690700e-01,5.2736807400e+10,1.7456970700e+06,1.3329127300e-01,7.3736539800e-01,1.7991184000e-02,3.2931056900e+01,3.8515021400e+33
7.5941457700e-01,5.2853569500e+10,1.7298557600e+06,1.3145963400e-01,7.3736539800e-01,1.7991184000e-02,3.3472494100e+01,3.8515014900e+33
7.6108378500e-01,5.2969742700e+10,1.7141584800e+06,1.2965307300e-01,7.3736539800e-01,1.7991184000e-02,3.4019164100e+01,3.8515008600e+33
7.6274452900e-01,5.3085326800e+10,1.6986039200e+06,1.2787127000e-01,7.3736539800e-01,1.7991184000e-02,3.4571095100e+01,3.8515002400e+33
7.6439680600e-01,5.3200321600e+10,1.6831907800e+06,1.2611390700e-01,7.3736539800e-01,1.7991184000e-02,3.5128316100e+01,3.8514996400e+33
7.6604061600e-01,5.3314727100e+10,1.6679177600e+06,1.2438066700e-01,7.3736539800e-01,1.7991184000e-02,3.5690857800e+01,3.8514990500e+33
7.6767595600e-01,5.3428543100e+10,1.6527835800e+06,1.2267123500e-01,7.3736539800e-01,1.7991184000e-02,3.6258751800e+01,3.8514984700e+33
7.6930282600e-01,5.3541769700e+10,1.6377869800e+06,1.2098529900e-01,7.3736539800e-01,1.7991184000e-02,3.6832030800e+01,3.8514979100e+33
7.7092122600e-01,5.3654406700e+10,1.6229266900e+06,1.1932255000e-01,7.3736539800e-01,1.7991184000e-02,3.7410728400e+01,3.8514973600e+33
7.7253115500e-01,5.3766454200e+10,1.6082014800e+06,1.1768267900e-01,7.3736539800e-01,1.7991184000e-02,3.7994879100e+01,3.8514968200e+33
7.7413261500e-01,5.3877912300e+10,1.5936101200e+06,1.1606538100e-01,7.3736539800e-01,1.7991184000e-02,3.8584518000e+01,3.8514963000e+33
7.7572560800e-01,5.3988781000e+10,1.5791513800e+06,1.1447035400e-01,7.3736539800e-01,1.7991184000e-02,3.9179968900e+01,3.8514957900e+33
7.7731013400e-01,5.4099060500e+10,1.5648240500e+06,1.1289729700e-01,7.3736539800e-01,1.7991184000e-02,3.9781259400e+01,3.8514952900e+33
7.7888619600e-01,5.4208751000e+10,1.5506269500e+06,1.1134591400e-01,7.3736539800e-01,1.7991184000e-02,4.0387916800e+01,3.8514948000e+33
7.8045379800e-01,5.4317852600e+10,1.5365588900e+06,1.0981591000e-01,7.3736539800e-01,1.7991184000e-02,4.0999965700e+01,3.8514943300e+33
7.8201294200e-01,5.4426365600e+10,1.5226187100e+06,1.0830699400e-01,7.3736539800e-01,1.7991184000e-02,4.1617435000e+01,3.8514938600e+33
7.8356363400e-01,5.4534290300e+10,1.5088052300e+06,1.0681887800e-01,7.3736539800e-01,1.7991184000e-02,4.2240357500e+01,3.8514934100e+33
7.8510587800e-01,5.4641627000e+10,1.4951173300e+06,1.0535121400e-01,7.3736539800e-01,1.7991184000e-02,4.2868755300e+01,3.8514929700e+33
7.8663968000e-01,5.4748376300e+10,1.4815538700e+06,1.0390367400e-01,7.3736539800e-01,1.7991184000e-02,4.3500318000e+01,3.8514925400e+33
7.8816504900e-01,5.4854538600e+10,1.4681137200e+06,1.0247592100e-01,7.3736539800e-01,1.7991184000e-02,4.4136925500e+01,3.8514921200e+33
7.8968199400e-01,5.4960114600e+10,1.4547957700e+06,1.0106771100e-01,7.3736539800e-01,1.7991184000e-02,4.4779380900e+01,3.8514917100e+33
7.9119052400e-01,5.5065104900e+10,1.4415989300e+06,9.9678802000e-02,7.3736539800e-01,1.7991184000e-02,4.5427758900e+01,3.8514913100e+33
7.9269064700e-01,5.5169510100e+10,1.4285220700e+06,9.8308979500e-02,7.3736539800e-01,1.7991184000e-02,4.6082145400e+01,3.8514909200e+33
7.9418237300e-01,5.5273330900e+10,1.4155641100e+06,9.6958009500e-02,7.3736539800e-01,1.7991184000e-02,4.6742625800e+01,3.8514905400e+33
7.9566571100e-01,5.5376568000e+10,1.4027239700e+06,9.5625648000e-02,7.3736539800e-01,1.7991184000e-02,4.7409286600e+01,3.8514901600e+33
7.9714067000e-01,5.5479221900e+10,1.3900005400e+06,9.4311652700e-02,7.3736539800e-01,1.7991184000e-02,4.8082218800e+01,3.8514898000e+33
7.9860726100e-01,5.5581293400e+10,1.3773927600e+06,9.3015782700e-02,7.3736539800e-01,1.7991184000e-02,4.8761517800e+01,3.8514894500e+33
8.0006549400e-01,5.5682783100e+10,1.3648995600e+06,9.1737799100e-02,7.3736539800e-01,1.7991184000e-02,4.9447283300e+01,3.8514891000e+33
8.0151537900e-01,5.5783691900e+10,1.3525198600e+06,9.0477465000e-02,7.3736539800e-01,1.7991184000e-02,5.0139619600e+01,3.8514887700e+33
8.0295692700e-01,5.5884020400e+10,1.3402526100e+06,8.9234638700e-02,7.3736539800e-01,1.7991184000e-02,5.0838666200e+01,3.8514884400e+33
8.0439015000e-01,5.5983769600e+10,1.3280967600e+06,8.8008683400e-02,7.3736539800e-01,1.7991184000e-02,5.1544400200e+01,3.8514881200e+33
8.0581506500e-01,5.6082940500e+10,1.3160512800e+06,8.6799530600e-02,7.3736539800e-01,1.7991184000e-02,5.2256986500e+01,3.8514878100e+33
8.0723168600e-01,5.6181534200e+10,1.3041151500e+06,8.5606966900e-02,7.3736539800e-01,1.7991184000e-02,5.2976546300e+01,3.8514875000e+33
8.0864002800e-01,5.6279551700e+10,1.2922873500e+06,8.4430779200e-02,7.3736539800e-01,1.7991184000e-02,5.3703204200e+01,3.8514872100e+33
8.1004010600e-01,5.6376994000e+10,1.2805669100e+06,8.3270755300e-02,7.3736539800e-01,1.7991184000e-02,5.4437088300e+01,3.8514869200e+33
8.1143193600e-01,5.6473862300e+10,1.2689528300e+06,8.2126683900e-02,7.3736539800e-01,1.7991184000e-02,5.5178329900e+01,3.8514866400e+33
8.1281553200e-01,5.6570157500e+10,1.2574441400e+06,8.0998354800e-02,7.3736539800e-01,1.7991184000e-02,5.5927988300e+01,3.8514863600e+33
8.1419091200e-01,5.6665880900e+10,1.2460398800e+06,7.9885559400e-02,7.3736539800e-01,1.7991184000e-02,5.6691074400e+01,3.8514860900e+33
8.1555809100e-01,5.6761033500e+10,1.2347390900e+06,7.8788090500e-02,7.3736539800e-01,1.7991184000e-02,5.7461316700e+01,3.8514858300e+33
8.1691708600e-01,5.6855616500e+10,1.2235408300e+06,7.7705742500e-02,7.3736539800e-01,1.7991184000e-02,5.8238782700e+01,3.8514855800e+33
8.1826791400e-01,5.6949631200e+10,1.2124441600e+06,7.6638312000e-02,7.3736539800e-01,1.7991184000e-02,5.9023555200e+01,3.8514853300e+33
8.1961059300e-01,5.7043078700e+10,1.2014481400e+06,7.5585597300e-02,7.3736539800e-01,1.7991184000e-02,5.9815732500e+01,3.8514850900e+33
8.2094514200e-01,5.7135960300e+10,1.1905518600e+06,7.4547320200e-02,7.3736539800e-01,1.7991184000e-02,6.0615395000e+01,3.8514848500e+33
8.2227157800e-01,5.7228277300e+10,1.1797543700e+06,7.3523301000e-02,7.3736539800e-01,1.7991184000e-02,6.1422683700e+01,3.8514846200e+33
8.2358992300e-01,5.7320031200e+10,1.1690547400e+06,7.2513342000e-02,7.3736539800e-01,1.7991184000e-02,6.2237749200e+01,3.8514844000e+33
8.2490019600e-01,5.7411223300e+10,1.1584520700e+06,7.1517270400e-02,7.3736539800e-01,1.7991184000e-02,6.3060771000e+01,3.8514841800e+33
8.2620241800e-01,5.7501855000e+10,1.1479454700e+06,7.0534912300e-02,7.3736539800e-01,1.7991184000e-02,6.3891946800e+01,3.8514839700e+33
8.2749660700e-01,5.7591927700e+10,1.1375340700e+06,6.9566093500e-02,7.3736539800e-01,1.7991184000e-02,6.4731493500e+01,3.8514837600e+33
8.2878278500e-01,5.7681442900e+10,1.1272170100e+06,6.8610639100e-02,7.3736539800e-01,1.7991184000e-02,6.5579648300e+01,3.8514835600e+33
8.3006097200e-01,5.7770401800e+10,1.1169934600e+06,6.7668374400e-02,7.3736539800e-01,1.7991184000e-02,6.6436670200e+01,3.8514833600e+33
8.3133118800e-01,5.7858806100e+10,1.1068625700e+06,6.6739125000e-02,7.3736539800e-01,1.7991184000e-02,6.7302840200e+01,3.8514831700e+33
8.3259345500e-01,5.7946657000e+10,1.0968235400e+06,6.5822757400e-02,7.3736539800e-01,1.7991184000e-02,6.8178486400e+01,3.8514829900e+33
8.3384779400e-01,5.8033956200e+10,1.0868755300e+06,6.4918906100e-02,7.3736539800e-01,1.7991184000e-02,6.9063834300e+01,3.8514828000e+33
8.3509422900e-01,5.8120705300e+10,1.0770177100e+06,6.4027433500e-02,7.3736539800e-01,1.7991184000e-02,6.9959261100e+01,3.8514826300e+33
8.3633278400e-01,5.8206906000e+10,1.0672492400e+06,6.3148189500e-02,7.3736539800e-01,1.7991184000e-02,7.0865165000e+01,3.8514824500e+33
8.3756348300e-01,5.8292559900e+10,1.0575692900e+06,6.2281023500e-02,7.3736539800e-01,1.7991184000e-02,7.1781972500e+01,3.8514822900e+33
8.3878635000e-01,5.8377668700e+10,1.0479770500e+06,6.1425784500e-02,7.3736539800e-01,1.7991184000e-02,7.2710139100e+01,3.8514821200e+33
8.4000140800e-01,5.8462234100e+10,1.0384717400e+06,6.0582321400e-02,7.3736539800e-01,1.7991184000e-02,7.3650150200e+01,3.8514819600e+33
8.4120868200e-01,5.8546257700e+10,1.0290525600e+06,5.9750483200e-02,7.3736539800e-01,1.7991184000e-02,7.4602521500e+01,3.8514818100e+33
8.4240819700e-01,5.8629741300e+10,1.0197187600e+06,5.8930118500e-02,7.3736539800e-01,1.7991184000e-02,7.5567800800e+01,3.8514816600e+33
8.4359997500e-01,5.8712686400e+10,1.0104695900e+06,5.8121076400e-02,7.3736539800e-01,1.7991184000e-02,7.6546568400e+01,3.8514815100e+33
8.4478404100e-01,5.8795094800e+10,1.0013043000e+06,5.7323205800e-02,7.3736539800e-01,1.7991184000e-02,7.7539438400e+01,3.8514813700e+33
8.4596042200e-01,5.8876968300e+10,9.9222218400e+05,5.6536268900e-02,7.3736539800e-01,1.7991184000e-02,7.8546028000e+01,3.8514812300e+33
8.4712914300e-01,5.8958308700e+10,9.8322249000e+05,5.5760114700e-02,7.3736539800e-01,1.7991184000e-02,7.9568420000e+01,3.8514810900e+33
8.4829023200e-01,5.9039117900e+10,9.7430448000e+05,5.4994600900e-02,7.3736539800e-01,1.7991184000e-02,8.0607493900e+01,3.8514809600e+33
8.4944371500e-01,5.9119397800e+10,9.6546741900e+05,5.4239599300e-02,7.3736539800e-01,1.7991184000e-02,8.1663950900e+01,3.8514808300e+33
8.5058962000e-01,5.9199150200e+10,9.5671058500e+05,5.3494979400e-02,7.3736539800e-01,1.7991184000e-02,8.2738508600e+01,3.8514807100e+33
8.5172797300e-01,5.9278377000e+10,9.4803325900e+05,5.2760610400e-02,7.3736539800e-01,1.7991184000e-02,8.3831903900e+01,3.8514805800e+33
8.5285880100e-01,5.9357080200e+10,9.3943473300e+05,5.2036361400e-02,7.3736539800e-01,1.7991184000e-02,8.4944893900e+01,3.8514804600e+33
8.5398213100e-01,5.9435261400e+10,9.3091430900e+05,5.1322101800e-02,7.3736539800e-01,1.7991184000e-02,8.6078256700e+01,3.8514803500e+33
8.5509799000e-01,5.9512922700e+10,9.2247129400e+05,5.0617701100e-02,7.3736539800e-01,1.7991184000e-02,8.7232792600e+01,3.8514802400e+33
8.5620640500e-01,5.9590066000e+10,9.1410500500e+05,4.9923029400e-02,7.3736539800e-01,1.7991184000e-02,8.8409325300e+01,3.8514801300e+33
8.5730740300e-01,5.9666693000e+10,9.0581476700e+05,4.9237956900e-02,7.3736539800e-01,1.7991184000e-02,8.9608703000e+01,3.8514800200e+33
8.5840101100e-01,5.9742805700e+10,8.9759991500e+05,4.8562394300e-02,7.3736539800e-01,1.7991184000e-02,9.0831835300e+01,3.8514799200e+33
8.5948725800e-01,5.9818406100e+10,8.8945978200e+05,4.7896015700e-02,7.3736539800e-01,1.7991184000e-02,9.2084223200e+01,3.8514798200e+33
8.6056617500e-01,5.9893496300e+10,8.8139369600e+05,4.7238721600e-02,7.3736539800e-01,1.7991184000e-02,9.3378669500e+01,3.8514797200e+33
8.6163779200e-01,5.9968078400e+10,8.7340099100e+05,4.6590406400e-02,7.3736539800e-01,1.7991184000e-02,9.4698857400e+01,3.8514796200e+33
8.6270214000e-01,6.0042154700e+10,8.6548100900e+05,4.5950963700e-02,7.3736539800e-01,1.7991184000e-02,9.6044962400e+01,3.8514795300e+33
8.6375924900e-01,6.0115727100e+10,8.5763309700e+05,4.5320286800e-02,7.3736539800e-01,1.7991184000e-02,9.7417166700e+01,3.8514794400e+33
8.6480914800e-01,6.0188797800e+10,8.4985661200e+05,4.4698268200e-02,7.3736539800e-01,1.7991184000e-02,9.8815659200e+01,3.8514793500e+33
8.6585186900e-01,6.0261368900e+10,8.4215091300e+05,4.4084800300e-02,7.3736539800e-01,1.7991184000e-02,1.0024063600e+02,3.8514792600e+33
8.6688744100e-01,6.0333442400e+10,8.3451536800e+05,4.3479775600e-02,7.3736539800e-01,1.7991184000e-02,1.0169230200e+02,3.8514791800e+33
8.6791589300e-01,6.0405020400e+10,8.2694935200e+05,4.2883086200e-02,7.3736539800e-01,1.7991184000e-02,1.0317086700e+02,3.8514791000e+33
8.6893725600e-01,6.0476105000e+10,8.1945224500e+05,4.2294624900e-02,7.3736539800e-01,1.7991184000e-02,1.0467655200e+02,3.8514790200e+33
8.6995156000e-01,6.0546698200e+10,8.1202343200e+05,4.1714292300e-02,7.3736539800e-01,1.7991184000e-02,1.0620959300e+02,3.8514789400e+33
8.7095883300e-01,6.0616802200e+10,8.0466230700e+05,4.1141996600e-02,7.3736539800e-01,1.7991184000e-02,1.0777024600e+02,3.8514788700e+33
8.7195910500e-01,6.0686418900e+10,7.9736826800e+05,4.0577689300e-02,7.3736539800e-01,1.7991184000e-02,1.0935882600e+02,3.8514788000e+33
8.7295240600e-01,6.0755550500e+10,7.9014071600e+05,4.0021007000e-02,7.3736539800e-01,1.7991184000e-02,1.1097779200e+02,3.8514787300e+33
8.7393877000e-01,6.0824199200e+10,7.8297904900e+05,3.9471901200e-02,7.3736539800e-01,1.7991184000e-02,1.1262695800e+02,3.8514786600e+33
8.7491823000e-01,6.0892367500e+10,7.7588267300e+05,3.8930286600e-02,7.3736539800e-01,1.7991184000e-02,1.1430471100e+02,3.8514785900e+33
8.7589081900e-01,6.0960057500e+10,7.6885099900e+05,3.8396076500e-02,7.3736539800e-01,1.7991184000e-02,1.1601114500e+02,3.8514785300e+33
8.7685656900e-01,6.1027271600e+10,7.6188344600e+05,3.7869183800e-02,7.3736539800e-01,1.7991184000e-02,1.1774633500e+02,3.8514784600e+33
8.7781551200e-01,6.1094011900e+10,7.5497943600e+05,3.7349520400e-02,7.3736539800e-01,1.7991184000e-02,1.1951033400e+02,3.8514784000e+33
8.7876768000e-01,6.1160280600e+10,7.4813839900e+05,3.6836997800e-02,7.3736539800e-01,1.7991184000e-02,1.2130317600e+02,3.8514783400e+33
8.7971310500e-01,6.1226080100e+10,7.4135976900e+05,3.6331527300e-02,7.3736539800e-01,1.7991184000e-02,1.2312486800e+02,3.8514782800e+33
8.8065181800e-01,6.1291412400e+10,7.3464298400e+05,3.5833020000e-02,7.3736539800e-01,1.7991184000e-02,1.2497540100e+02,3.8514782300e+33
8.8158385000e-01,6.1356279800e+10,7.2798748800e+05,3.5341386800e-02,7.3736539800e-01,1.7991184000e-02,1.2685473600e+02,3.8514781700e+33
8.8250923500e-01,6.1420684500e+10,7.2139273000e+05,3.4856538900e-02,7.3736539800e-01,1.7991184000e-02,1.2876281500e+02,3.8514781200e+33
8.8342800100e-01,6.1484628700e+10,7.1485816100e+05,3.4378387700e-02,7.3736539800e-01,1.7991184000e-02,1.3069955300e+02,3.8514780700e+33
8.8434018200e-01,6.1548114400e+10,7.0838323800e+05,3.3906844700e-02,7.3736539800e-01,1.7991184000e-02,1.3266484200e+02,3.8514780100e+33
8.8524580900e-01,6.1611144000e+10,7.0196742200e+05,3.3441822000e-02,7.3736539800e-01,1.7991184000e-02,1.3464341600e+02,3.8514779700e+33
8.8614491200e-01,6.1673719600e+10,6.9561017400e+05,3.2983214700e-02,7.3736539800e-01,1.7991184000e-02,1.3664904500e+02,3.8514779200e+33
8.8703752600e-01,6.1735843600e+10,6.8931095400e+05,3.2530805500e-02,7.3736539800e-01,1.7991184000e-02,1.3868302700e+02,3.8514778700e+33
8.8792368600e-01,6.1797518300e+10,6.8306921900e+05,3.2084535800e-02,7.3736539800e-01,1.7991184000e-02,1.4075183600e+02,3.8514778300e+33
8.8880342600e-01,6.1858746300e+10,6.7688443600e+05,3.1644335800e-02,7.3736539800e-01,1.7991184000e-02,1.4285673200e+02,3.8514777800e+33
8.8967678000e-01,6.1919529800e+10,6.7075608000e+05,3.1210144200e-02,7.3736539800e-01,1.7991184000e-02,1.4499262300e+02,3.8514777400e+33
8.9054378300e-01,6.1979871300e+10,6.6468363500e+05,3.0781901100e-02,7.3736539800e-01,1.7991184000e-02,1.4716016500e+02,3.8514777000e+33
8.9140446700e-01,6.2039773000e+10,6.5866659000e+05,3.0359532900e-02,7.3736539800e-01,1.7991184000e-02,1.4936001100e+02,3.8514776600e+33
8.9225886500e-01,6.2099237200e+10,6.5270444500e+05,2.9942965800e-02,7.3736539800e-01,1.7991184000e-02,1.5159283500e+02,3.8514776200e+33
8.9310701000e-01,6.2158266200e+10,6.4679670100e+05,2.9532125800e-02,7.3736539800e-01,1.7991184000e-02,1.5385933600e+02,3.8514775800e+33
8.9394893600e-01,6.2216862300e+10,6.4094286800e+05,2.9126939300e-02,7.3736539800e-01,1.7991184000e-02,1.5616023800e+02,3.8514775400e+33
8.9478467400e-01,6.2275027900e+10,6.3514245900e+05,2.8727332300e-02,7.3736539800e-01,1.7991184000e-02,1.5849628900e+02,3.8514775100e+33
8.9561425700e-01,6.2332765000e+10,6.2939499500e+05,2.8333231300e-02,7.3736539800e-01,1.7991184000e-02,1.6086623700e+02,3.8514774700e+33
8.9643771800e-01,6.2390076100e+10,6.2369999800e+05,2.7944562900e-02,7.3736539800e-01,1.7991184000e-02,1.6326752000e+02,3.8514774400e+33
8.9725508900e-01,6.2446963300e+10,6.1805699800e+05,2.7561254100e-02,7.3736539800e-01,1.7991184000e-02,1.6570651700e+02,3.8514774000e+33
8.9806640300e-01,6.2503429000e+10,6.1246552600e+05,2.7183232400e-02,7.3736539800e-01,1.7991184000e-02,1.6818438200e+02,3.8514773700e+33
8.9887169300e-01,6.2559475300e+10,6.0692512100e+05,2.6810425800e-02,7.3736539800e-01,1.7991184000e-02,1.7070230900e+02,3.8514773400e+33
8.9967099000e-01,6.2615104600e+10,6.0143532200e+05,2.6442762600e-02,7.3736539800e-01,1.7991184000e-02,1.7326154200e+02,3.8514773100e+33
9.0046432700e-01,6.2670319100e+10,5.9599567000e+05,2.6080164200e-02,7.3736539800e-01,1.7991184000e-02,1.7586335200e+02,3.8514772800e+33
9.0125173900e-01,6.2725121200e+10,5.9060569800e+05,2.5722457600e-02,7.3736539800e-01,1.7991184000e-02,1.7850879300e+02,3.8514772500e+33
9.0203326000e-01,6.2779513400e+10,5.8526493900e+05,2.5369611300e-02,7.3736539800e-01,1.7991184000e-02,1.8119935400e+02,3.8514772200e+33
9.0280892500e-01,6.2833498000e+10,5.7997293500e+05,2.5021575200e-02,7.3736539800e-01,1.7991184000e-02,1.8393652900e+02,3.8514772000e+33
9.0357876900e-01,6.2887077400e+10,5.7472923700e+05,2.4678298200e-02,7.3736539800e-01,1.7991184000e-02,1.8672185800e+02,3.8514771700e+33
9.0434282500e-01,6.2940254000e+10,5.6953340700e+05,2.4339727500e-02,7.3736539800e-01,1.7991184000e-02,1.8955693400e+02,3.8514771400e+33
9.0510112500e-01,6.2993030000e+10,5.6438501100e+05,2.4005809600e-02,7.3736539800e-01,1.7991184000e-02,1.9244340400e+02,3.8514771200e+33
9.0585370400e-01,6.3045407800e+10,5.5928362700e+05,2.3676490000e-02,7.3736539800e-01,1.7991184000e-02,1.9537609600e+02,3.8514771000e+33
9.0660059200e-01,6.3097389600e+10,5.5422883800e+05,2.3351724200e-02,7.3736539800e-01,1.7991184000e-02,1.9835950600e+02,3.8514770700e+33
9.0734182300e-01,6.3148977600e+10,5.4922023700e+05,2.3031459000e-02,7.3736539800e-01,1.7991184000e-02,2.0140046400e+02,3.8514770500e+33
9.0807742800e-01,6.3200174000e+10,5.4425741200e+05,2.2715581600e-02,7.3736539800e-01,1.7991184000e-02,2.0450107200e+02,3.8514770300e+33
9.0880744100e-01,6.3250981300e+10,5.3933994200e+05,2.2404006100e-02,7.3736539800e-01,1.7991184000e-02,2.0766357100e+02,3.8514770100e+33
9.0953189600e-01,6.3301401800e+10,5.3446741000e+05,2.2096685600e-02,7.3736539800e-01,1.7991184000e-02,2.1089039700e+02,3.8514769800e+33
9.1025082700e-01,6.3351437800e+10,5.2963940600e+05,2.1793572400e-02,7.3736539800e-01,1.7991184000e-02,2.1418403700e+02,3.8514769600e+33
9.1096426600e-01,6.3401091600e+10,5.2485552500e+05,2.1494617900e-02,7.3736539800e-01,1.7991184000e-02,2.1754702900e+02,3.8514769400e+33
9.1167224700e-01,6.3450365500e+10,5.2011537100e+05,2.1199773000e-02,7.3736539800e-01,1.7991184000e-02,2.2098196400e+02,3.8514769300e+33
9.1237480200e-01,6.3499261800e+10,5.1541855400e+05,2.0908987700e-02,7.3736539800e-01,1.7991184000e-02,2.2449148300e+02,3.8514769100e+33
9.1307196400e-01,6.3547782700e+10,5.1076468800e+05,2.0622211900e-02,7.3736539800e-01,1.7991184000e-02,2.2807828300e+02,3.8514768900e+33
9.1376376300e-01,6.3595930400e+10,5.0615339600e+05,2.0339394900e-02,7.3736539800e-01,1.7991184000e-02,2.3174511000e+02,3.8514768700e+33
9.1445023300e-01,6.3643707200e+10,5.0158430300e+05,2.0060485900e-02,7.3736539800e-01,1.7991184000e-02,2.3549476700e+02,3.8514768500e+33
9.1513140400e-01,6.3691115200e+10,4.9705703900e+05,1.9785436500e-02,7.3736539800e-01,1.7991184000e-02,2.3931568100e+02,3.8514768400e+33
9.1580731100e-01,6.3738156800e+10,4.9257122300e+05,1.9514088500e-02,7.3736539800e-01,1.7991184000e-02,2.4322233100e+02,3.8514768200e+33
9.1647798700e-01,6.3784834300e+10,4.8812647200e+05,1.9246421500e-02,7.3736539800e-01,1.7991184000e-02,2.4721977900e+02,3.8514768100e+33
9.1714346600e-01,6.3831150200e+10,4.8372240800e+05,1.8982397200e-02,7.3736539800e-01,1.7991184000e-02,2.5131190800e+02,3.8514767900e+33
9.1780378100e-01,6.3877106700e+10,4.7935866000e+05,1.8721976500e-02,7.3736539800e-01,1.7991184000e-02,2.5550279800e+02,3.8514767800e+33
9.1845896600e-01,6.3922706100e+10,4.7503486200e+05,1.8465119200e-02,7.3736539800e-01,1.7991184000e-02,2.5979674000e+02,3.8514767600e+33
9.1910905300e-01,6.3967950700e+10,4.7075065400e+05,1.8211784500e-02,7.3736539800e-01,1.7991184000e-02,2.6419824800e+02,3.8514767500e+33
9.1975407300e-01,6.4012842700e+10,4.6650568100e+05,1.7961930900e-02,7.3736539800e-01,1.7991184000e-02,2.6871207300e+02,3.8514767300e+33
9.2039409400e-01,6.4057386700e+10,4.6229920500e+05,1.7715399100e-02,7.3736539800e-01,1.7991184000e-02,2.7334543300e+02,3.8514767200e+33
9.2072580600e-01,6.4080473100e+10,4.5974221700e+05,1.7567034300e-02,7.3736539800e-01,1.7991184000e-02,2.7623461600e+02,3.8514767100e+33
9.2098731100e-01,6.4098673200e+10,4.5802648700e+05,1.7467138900e-02,7.3736539800e-01,1.7991184000e-02,2.7821395300e+02,3.8514767100e+33
9.2161713700e-01,6.4142507700e+10,4.5389813400e+05,1.7227577700e-02,7.3736539800e-01,1.7991184000e-02,2.8309913200e+02,3.8514767100e+33
9.2224202200e-01,6.4185998400e+10,4.4980764800e+05,1.6991340300e-02,7.3736539800e-01,1.7991184000e-02,2.8811850900e+02,3.8514767100e+33
9.2286199800e-01,6.4229147400e+10,4.4575469100e+05,1.6758329200e-02,7.3736539800e-01,1.7991184000e-02,2.9329088800e+02,3.8514767100e+33
9.2347709800e-01,6.4271956900e+10,4.4173891700e+05,1.6528465700e-02,7.3736539800e-01,1.7991184000e-02,2.9865412400e+02,3.8514767100e+33
9.2408735500e-01,6.4314429500e+10,4.3775997600e+05,1.6301719800e-02,7.3736539800e-01,1.7991184000e-02,3.0417063300e+02,3.8514767100e+33
9.2469280100e-01,6.4356567200e+10,4.3381753000e+05,1.6078060300e-02,7.3736539800e-01,1.7991184000e-02,3.0984539700e+02,3.8514767100e+33
9.2529346900e-01,6.4398372300e+10,4.2991124600e+05,1.5857455000e-02,7.3736539800e-01,1.7991184000e-02,3.1568355900e+02,3.8514767100e+33
9.2588939000e-01,6.4439847100e+10,4.2604079600e+05,1.5639870700e-02,7.3736539800e-01,1.7991184000e-02,3.2169043400e+02,3.8514767100e+33
9.2648059500e-01,6.4480993700e+10,4.2220585800e+05,1.5425273500e-02,7.3736539800e-01,1.7991184000e-02,3.2787151400e+02,3.8514767100e+33
9.2706711600e-01,6.4521814200e+10,4.1840611700e+05,1.5213628700e-02,7.3736539800e-01,1.7991184000e-02,3.3423247100e+02,3.8514767100e+33
9.2764898300e-01,6.4562310900e+10,4.1464126000e+05,1.5004901200e-02,7.3736539800e-01,1.7991184000e-02,3.4077916900e+02,3.8514767100e+33
9.2822622600e-01,6.4602485700e+10,4.1091098100e+05,1.4799055200e-02,7.3736539800e-01,1.7991184000e-02,3.4751766500e+02,3.8514767100e+33
9.2879887600e-01,6.4642340800e+10,4.0721497600e+05,1.4596054800e-02,7.3736539800e-01,1.7991184000e-02,3.5445421800e+02,3.8514767100e+33
9.2936696100e-01,6.4681878300e+10,4.0355294700e+05,1.4395863700e-02,7.3736539800e-01,1.7991184000e-02,3.6159529700e+02,3.8514767100e+33
9.2993051200e-01,6.4721100200e+10,3.9992459700e+05,1.4198469300e-02,7.3736539800e-01,1.7991184000e-02,3.6894784200e+02,3.8514767100e+33
9.3048955900e-01,6.4760008600e+10,3.9632962700e+05,1.4003732000e-02,7.3736539800e-01,1.7991184000e-02,3.7651878900e+02,3.8514767100e+33
9.3104413300e-01,6.4798605800e+10,3.9276771700e+05,1.3811599500e-02,7.3736539800e-01,1.7991184000e-02,3.8431512400e+02,3.8514767100e+33
9.3159426900e-01,6.4836894000e+10,3.8923854800e+05,1.3622050500e-02,7.3736539800e-01,1.7991184000e-02,3.9234316600e+02,3.8514767100e+33
9.3213999800e-01,6.4874875500e+10,3.8574181000e+05,1.3435062500e-02,7.3736539800e-01,1.7991184000e-02,4.0061060100e+02,3.8514767100e+33
9.3268135100e-01,6.4912552500e+10,3.8227720100e+05,1.3250612900e-02,7.3736539800e-01,1.7991184000e-02,4.0912537400e+02,3.8514767100e+33
9.3321835900e-01,6.4949927100e+10,3.7884442500e+05,1.3068687400e-02,7.3736539800e-01,1.7991184000e-02,4.1789581100e+02,3.8514767100e+33
9.3375105300e-01,6.4987001400e+10,3.7544319900e+05,1.2889261900e-02,7.3736539800e-01,1.7991184000e-02,4.2693039300e+02,3.8514767100e+33
9.3427946000e-01,6.5023777400e+10,3.7207324000e+05,1.2712308400e-02,7.3736539800e-01,1.7991184000e-02,4.3623784000e+02,3.8514767100e+33
9.3480361100e-01,6.5060257100e+10,3.6873427500e+05,1.2537798300e-02,7.3736539800e-01,1.7991184000e-02,4.4582715600e+02,3.8514767100e+33
9.3532353400e-01,6.5096442600e+10,3.6542603300e+05,1.2365702300e-02,7.3736539800e-01,1.7991184000e-02,4.5570764100e+02,3.8514767100e+33
9.3583925700e-01,6.5132335800e+10,3.6214824900e+05,1.2195990900e-02,7.3736539800e-01,1.7991184000e-02,4.6588890100e+02,3.8514767100e+33
9.3635080900e-01,6.5167938600e+10,3.5890066200e+05,1.2028634100e-02,7.3736539800e-01,1.7991184000e-02,4.7638086100e+02,3.8514767100e+33
9.3685821700e-01,6.5203253100e+10,3.5568301400e+05,1.1863601500e-02,7.3736539800e-01,1.7991184000e-02,4.8719377900e+02,3.8514767100e+33
9.3736151000e-01,6.5238281200e+10,3.5249505100e+05,1.1700862700e-02,7.3736539800e-01,1.7991184000e-02,4.9833691400e+02,3.8514767100e+33
9.3786071400e-01,6.5273024700e+10,3.4933652200e+05,1.1540387400e-02,7.3736539800e-01,1.7991184000e-02,5.0982199400e+02,3.8514767100e+33
9.3835585800e-01,6.5307485600e+10,3.4620717200e+05,1.1382074600e-02,7.3736539800e-01,1.7991184000e-02,5.2165957500e+02,3.8514767100e+33
9.3884697900e-01,6.5341666500e+10,3.4310673600e+05,1.1225760600e-02,7.3736539800e-01,1.7991184000e-02,5.3385873300e+02,3.8514767100e+33
9.3933410200e-01,6.5375569200e+10,3.4003494700e+05,1.1071654800e-02,7.3736539800e-01,1.7991184000e-02,5.4643634100e+02,3.8514767100e+33
9.3981725700e-01,6.5409195700e+10,3.3699154500e+05,1.0919622900e-02,7.3736539800e-01,1.7991184000e-02,5.5940299800e+02,3.8514767100e+33
9.4029647500e-01,6.5442548200e+10,3.3397626700e+05,1.0769644400e-02,7.3736539800e-01,1.7991184000e-02,5.7277198800e+02,3.8514767100e+33
9.4077178500e-01,6.5475628700e+10,3.3098885400e+05,1.0621698100e-02,7.3736539800e-01,1.7991184000e-02,5.8655708500e+02,3.8514767100e+33
9.4124321500e-01,6.5508439200e+10,3.2802904900e+05,1.0475762600e-02,7.3736539800e-01,1.7991184000e-02,6.0077257400e+02,3.8514767100e+33
9.4171079400e-01,6.5540981700e+10,3.2509659500e+05,1.0331815900e-02,7.3736539800e-01,1.7991184000e-02,6.1543327800e+02,3.8514767100e+33
9.4217455000e-01,6.5573258100e+10,3.2219123600e+05,1.0189835900e-02,7.3736539800e-01,1.7991184000e-02,6.3055457700e+02,3.8514767100e+33
9.4263451200e-01,6.5605270400e+10,3.1931271900e+05,1.0049800200e-02,7.3736539800e-01,1.7991184000e-02,6.4615243700e+02,3.8514767100e+33
9.4309070600e-01,6.5637020500e+10,3.1646078900e+05,9.9116887800e-03,7.3736539800e-01,1.7991184000e-02,6.6224351100e+02,3.8514767100e+33
9.4354316000e-01,6.5668510300e+10,3.1363519700e+05,9.7754881700e-03,7.3736539800e-01,1.7991184000e-02,6.7885806800e+02,3.8514767100e+33
9.4399189900e-01,6.5699741500e+10,3.1083569500e+05,9.6411752100e-03,7.3736539800e-01,1.7991184000e-02,6.9610584200e+02,3.8514767100e+33
9.4443695000e-01,6.5730716100e+10,3.0806203600e+05,9.5087258900e-03,7.3736539800e-01,1.7991184000e-02,7.1333653300e+02,3.8514767100e+33
9.4487833800e-01,6.5761435700e+10,3.0531397300e+05,9.3781162100e-03,7.3736539800e-01,1.7991184000e-02,7.3167893500e+02,3.8514767100e+33
9.4531609000e-01,6.5791902300e+10,3.0259126100e+05,9.2493222800e-03,7.3736539800e-01,1.7991184000e-02,7.5061082100e+02,3.8514767100e+33
9.4575023000e-01,6.5822117500e+10,2.9989365400e+05,9.1223202100e-03,7.3736539800e-01,1.7991184000e-02,7.7015342400e+02,3.8514767100e+33
9.4618078500e-01,6.5852083200e+10,2.9722088900e+05,8.9970499400e-03,7.3736539800e-01,1.7991184000e-02,7.9032760600e+02,3.8514767100e+33
9.4660778300e-01,6.5881801300e+10,2.9457265500e+05,8.8734671700e-03,7.3736539800e-01,1.7991184000e-02,8.1115608200e+02,3.8514767100e+33
9.4703125000e-01,6.5911273600e+10,2.9194866300e+05,8.7515613200e-03,7.3736539800e-01,1.7991184000e-02,8.3266371200e+02,3.8514767100e+33
9.4745121300e-01,6.5940502100e+10,2.8934865800e+05,8.6313192700e-03,7.3736539800e-01,1.7991184000e-02,8.5487602900e+02,3.8514767100e+33
9.4786769900e-01,6.5969488600e+10,2.8677242100e+05,8.5127256800e-03,7.3736539800e-01,1.7991184000e-02,8.7781924600e+02,3.8514767100e+33
9.4828073300e-01,6.5998234900e+10,2.8421976400e+05,8.3957631800e-03,7.3736539800e-01,1.7991184000e-02,9.0152025800e+02,3.8514767100e+33
9.4869034100e-01,6.6026742700e+10,2.8169052600e+05,8.2804126500e-03,7.3736539800e-01,1.7991184000e-02,9.2600721400e+02,3.8514767100e+33
9.4909654700e-01,6.6055013800e+10,2.7918457100e+05,8.1666534200e-03,7.3736539800e-01,1.7991184000e-02,9.5131717600e+02,3.8514767100e+33
9.4949937800e-01,6.6083049800e+10,2.7670178800e+05,8.0544635400e-03,7.3736539800e-01,1.7991184000e-02,9.7747029800e+02,3.8514767100e+33
9.4989885600e-01,6.6110852700e+10,2.7424208100e+05,7.9438169000e-03,7.3736539800e-01,1.7991184000e-02,1.0044957800e+03,3.8514767100e+33
9.5029501000e-01,6.6138424100e+10,2.7180535700e+05,7.8346471100e-03,7.3736539800e-01,1.7991184000e-02,1.0324213500e+03,3.8514767100e+33
9.5068786500e-01,6.6165765900e+10,2.6939149200e+05,7.7269247100e-03,7.3736539800e-01,1.7991184000e-02,1.0612780100e+03,3.8514767100e+33
9.5107744900e-01,6.6192880100e+10,2.6700033900e+05,7.6206365400e-03,7.3736539800e-01,1.7991184000e-02,1.0910991900e+03,3.8514767100e+33
9.5146378900e-01,6.6219768500e+10,2.6463173300e+05,7.5157696700e-03,7.3736539800e-01,1.7991184000e-02,1.1219198500e+03,3.8514767100e+33
9.5184691200e-01,6.6246433000e+10,2.6228549000e+05,7.4123155500e-03,7.3736539800e-01,1.7991184000e-02,1.1537769300e+03,3.8514767100e+33
9.5222684200e-01,6.6272875300e+10,2.5996141400e+05,7.3102685800e-03,7.3736539800e-01,1.7991184000e-02,1.1867093300e+03,3.8514767100e+33
9.5260360400e-01,6.6299097100e+10,2.5765929600e+05,7.2096153300e-03,7.3736539800e-01,1.7991184000e-02,1.2207571900e+03,3.8514767100e+33
9.5297722200e-01,6.6325100100e+10,2.5537891800e+05,7.1103423500e-03,7.3736539800e-01,1.7991184000e-02,1.2559624700e+03,3.8514767100e+33
9.5334772100e-01,6.6350886000e+10,2.5312005500e+05,7.0124362700e-03,7.3736539800e-01,1.7991184000e-02,1.2923690800e+03,3.8514767100e+33
9.5371512400e-01,6.6376456400e+10,2.5088247600e+05,6.9158837500e-03,7.3736539800e-01,1.7991184000e-02,1.3300386200e+03,3.8514767100e+33
9.5407945300e-01,6.6401812900e+10,2.4866594400e+05,6.8206626000e-03,7.3736539800e-01,1.7991184000e-02,1.3691021600e+03,3.8514767100e+33
9.5444073400e-01,6.6426957300e+10,2.4647022500e+05,6.7267258900e-03,7.3736539800e-01,1.7991184000e-02,1.4095053100e+03,3.8514767100e+33
9.5479899000e-01,6.6451891100e+10,2.4429509600e+05,6.6340610700e-03,7.3736539800e-01,1.7991184000e-02,1.4512949200e+03,3.8514767100e+33
9.5515424500e-01,6.6476616100e+10,2.4214036000e+05,6.5426579900e-03,7.3736539800e-01,1.7991184000e-02,1.4945195500e+03,3.8514767100e+33
9.5550652400e-01,6.6501133900e+10,2.4000583700e+05,6.4525051000e-03,7.3736539800e-01,1.7991184000e-02,1.5392290600e+03,3.8514767100e+33
9.5585584800e-01,6.6525446100e+10,2.3789136500e+05,6.3635896500e-03,7.3736539800e-01,1.7991184000e-02,1.5854747300e+03,3.8514767100e+33
9.5620224200e-01,6.6549554300e+10,2.3579679100e+05,6.2758866400e-03,7.3736539800e-01,1.7991184000e-02,1.6333080400e+03,3.8514767100e+33
9.5654572900e-01,6.6573460200e+10,2.3372194300e+05,6.1893626900e-03,7.3736539800e-01,1.7991184000e-02,1.6827817800e+03,3.8514767100e+33
9.5688633100e-01,6.6597165400e+10,2.3166664200e+05,6.1040075100e-03,7.3736539800e-01,1.7991184000e-02,1.7339536800e+03,3.8514767100e+33
9.5722407400e-01,6.6620671600e+10,2.2963071900e+05,6.0198106600e-03,7.3736539800e-01,1.7991184000e-02,1.7868835700e+03,3.8514767100e+33
9.5755898000e-01,6.6643980300e+10,2.2761401000e+05,5.9367610100e-03,7.3736539800e-01,1.7991184000e-02,1.8416334100e+03,3.8514767100e+33
9.5789107100e-01,6.6667093100e+10,2.2561636000e+05,5.8548468300e-03,7.3736539800e-01,1.7991184000e-02,1.8982673300e+03,3.8514767100e+33
9.5822036900e-01,6.6690011500e+10,2.2363761600e+05,5.7740480400e-03,7.3736539800e-01,1.7991184000e-02,1.9568459600e+03,3.8514767100e+33
9.5854689800e-01,6.6712737200e+10,2.2167761200e+05,5.6943291400e-03,7.3736539800e-01,1.7991184000e-02,2.0174089700e+03,3.8514767100e+33
9.5887068100e-01,6.6735271700e+10,2.1973617700e+05,5.6156810200e-03,7.3736539800e-01,1.7991184000e-02,2.0800674800e+03,3.8514767100e+33
9.5919174000e-01,6.6757616700e+10,2.1781314900e+05,5.5381011200e-03,7.3736539800e-01,1.7991184000e-02,2.1448993700e+03,3.8514767100e+33
9.5951009700e-01,6.6779773700e+10,2.1590837700e+05,5.4615836800e-03,7.3736539800e-01,1.7991184000e-02,2.2119843600e+03,3.8514767100e+33
9.5982577400e-01,6.6801744200e+10,2.1402171500e+05,5.3861177800e-03,7.3736539800e-01,1.7991184000e-02,2.2814036000e+03,3.8514767100e+33
9.6013879200e-01,6.6823529500e+10,2.1215302400e+05,5.3116913400e-03,7.3736539800e-01,1.7991184000e-02,2.3532402900e+03,3.8514767100e+33
9.6044917200e-01,6.6845131200e+10,2.1030216100e+05,5.2382701300e-03,7.3736539800e-01,1.7991184000e-02,2.4275754800e+03,3.8514767100e+33
9.6075693600e-01,6.6866550900e+10,2.0846896700e+05,5.1658344300e-03,7.3736539800e-01,1.7991184000e-02,2.5044960700e+03,3.8514767100e+33
9.6106210600e-01,6.6887790100e+10,2.0665328800e+05,5.0943763600e-03,7.3736539800e-01,1.7991184000e-02,2.5840940500e+03,3.8514767100e+33
9.6136470400e-01,6.6908850200e+10,2.0485497400e+05,5.0238873600e-03,7.3736539800e-01,1.7991184000e-02,2.6664637600e+03,3.8514767100e+33
9.6166475000e-01,6.6929732800e+10,2.0307388600e+05,4.9543583200e-03,7.3736539800e-01,1.7991184000e-02,2.7517019000e+03,3.8514767100e+33
9.6196226600e-01,6.6950439200e+10,2.0130988600e+05,4.8857796200e-03,7.3736539800e-01,1.7991184000e-02,2.8399074800e+03,3.8514767100e+33
9.6225727100e-01,6.6970970900e+10,1.9956284500e+05,4.8181404600e-03,7.3736539800e-01,1.7991184000e-02,2.9311815700e+03,3.8514767100e+33
9.6254978700e-01,6.6991329400e+10,1.9783262800e+05,4.7514058000e-03,7.3736539800e-01,1.7991184000e-02,3.0260502600e+03,3.8514767100e+33
9.6283983600e-01,6.7011516100e+10,1.9611908400e+05,4.6855595600e-03,7.3736539800e-01,1.7991184000e-02,3.1241995800e+03,3.8514767100e+33
9.6312743800e-01,6.7031532600e+10,1.9442206700e+05,4.6205952300e-03,7.3736539800e-01,1.7991184000e-02,3.2257148200e+03,3.8514767100e+33
9.6341261500e-01,6.7051380300e+10,1.9274143500e+05,4.5565056600e-03,7.3736539800e-01,1.7991184000e-02,3.3306916800e+03,3.8514767100e+33
9.6369538600e-01,6.7071060600e+10,1.9107705100e+05,4.4932831700e-03,7.3736539800e-01,1.7991184000e-02,3.4392270300e+03,3.8514767100e+33
9.6397577300e-01,6.7090574900e+10,1.8942878400e+05,4.4309195300e-03,7.3736539800e-01,1.7991184000e-02,3.5514188300e+03,3.8514767100e+33
9.6425379500e-01,6.7109924600e+10,1.8779650700e+05,4.3694060500e-03,7.3736539800e-01,1.7991184000e-02,3.6673659700e+03,3.8514767100e+33
9.6452947200e-01,6.7129111000e+10,1.8618009500e+05,4.3087220300e-03,7.3736539800e-01,1.7991184000e-02,3.7871633300e+03,3.8514767100e+33
9.6480282400e-01,6.7148135700e+10,1.8457941200e+05,4.2488377100e-03,7.3736539800e-01,1.7991184000e-02,3.9109030800e+03,3.8514767100e+33
9.6507387200e-01,6.7167000100e+10,1.8299431800e+05,4.1897480900e-03,7.3736539800e-01,1.7991184000e-02,4.0386892400e+03,3.8514767100e+33
9.6534263600e-01,6.7185705500e+10,1.8142467500e+05,4.1314542300e-03,7.3736539800e-01,1.7991184000e-02,4.1706299500e+03,3.8514767100e+33
9.6560913700e-01,6.7204253300e+10,1.7987035700e+05,4.0739504700e-03,7.3736539800e-01,1.7991184000e-02,4.3068312800e+03,3.8514767100e+33
9.6587339200e-01,6.7222644900e+10,1.7833123500e+05,4.0172293000e-03,7.3736539800e-01,1.7991184000e-02,4.4473992700e+03,3.8514767100e+33
9.6613542200e-01,6.7240881600e+10,1.7680718900e+05,3.9612828300e-03,7.3736539800e-01,1.7991184000e-02,4.5928508100e+03,3.8514767100e+33
9.6639524300e-01,6.7258964600e+10,1.7529809700e+05,3.9061028700e-03,7.3736539800e-01,1.7991184000e-02,4.7431092500e+03,3.8514767100e+33
9.6665287500e-01,6.7276895200e+10,1.7380384400e+05,3.8516707200e-03,7.3736539800e-01,1.7991184000e-02,4.8980596400e+03,3.8514767100e+33
9.6690833700e-01,6.7294674800e+10,1.7232430800e+05,3.7979566200e-03,7.3736539800e-01,1.7991184000e-02,5.0577702200e+03,3.8514767100e+33
9.6716164900e-01,6.7312304700e+10,1.7085936400e+05,3.7449548200e-03,7.3736539800e-01,1.7991184000e-02,5.2223209200e+03,3.8514767100e+33
9.6741282900e-01,6.7329786300e+10,1.6940888600e+05,3.6926595200e-03,7.3736539800e-01,1.7991184000e-02,5.3917887600e+03,3.8514767100e+33
9.6766189800e-01,6.7347121000e+10,1.6797274500e+05,3.6410646800e-03,7.3736539800e-01,1.7991184000e-02,5.5662472900e+03,3.8514767100e+33
9.6790887300e-01,6.7364309900e+10,1.6655081400e+05,3.5901640500e-03,7.3736539800e-01,1.7991184000e-02,5.7457661900e+03,3.8514767100e+33
9.6815377400e-01,6.7381354400e+10,1.6514296300e+05,3.5399511400e-03,7.3736539800e-01,1.7991184000e-02,5.9304107500e+03,3.8514767100e+33
9.6839661600e-01,6.7398255700e+10,1.6374906500e+05,3.4904192700e-03,7.3736539800e-01,1.7991184000e-02,6.1202414300e+03,3.8514767100e+33
9.6863742000e-01,6.7415015100e+10,1.6236899300e+05,3.4415615000e-03,7.3736539800e-01,1.7991184000e-02,6.3153132900e+03,3.8514767100e+33
9.6887620100e-01,6.7431633800e+10,1.6100262600e+05,3.3933543800e-03,7.3736539800e-01,1.7991184000e-02,6.5156588200e+03,3.8514767100e+33
9.6911298000e-01,6.7448113000e+10,1.5964984800e+05,3.3457803100e-03,7.3736539800e-01,1.7991184000e-02,6.7213060800e+03,3.8514767100e+33
9.6934777400e-01,6.7464454200e+10,1.5831054100e+05,3.2988331700e-03,7.3736539800e-01,1.7991184000e-02,6.9323934500e+03,3.8514767100e+33
9.6958060200e-01,6.7480658500e+10,1.5698458000e+05,3.2525068800e-03,7.3736539800e-01,1.7991184000e-02,7.1495493200e+03,3.8514767100e+33
9.6981148300e-01,6.7496727300e+10,1.5567183700e+05,3.2067953600e-03,7.3736539800e-01,1.7991184000e-02,7.3721110000e+03,3.8514767100e+33
9.7004043400e-01,6.7512661800e+10,1.5437218000e+05,3.1616925400e-03,7.3736539800e-01,1.7991184000e-02,7.6000635600e+03,3.8514767100e+33
9.7026747200e-01,6.7528463100e+10,1.5308547700e+05,3.1171969700e-03,7.3736539800e-01,1.7991184000e-02,7.8333870400e+03,3.8514767100e+33
9.7049261500e-01,6.7544132600e+10,1.5181160100e+05,3.0733065800e-03,7.3736539800e-01,1.7991184000e-02,8.0720487000e+03,3.8514767100e+33
9.7071587800e-01,6.7559671200e+10,1.5055042600e+05,3.0300144400e-03,7.3736539800e-01,1.7991184000e-02,8.3159973500e+03,3.8514767100e+33
9.7093727900e-01,6.7575080200e+10,1.4930182400e+05,2.9873111200e-03,7.3736539800e-01,1.7991184000e-02,8.5651647900e+03,3.8514767100e+33
9.7115683300e-01,6.7590360700e+10,1.4806568500e+05,2.9451753000e-03,7.3736539800e-01,1.7991184000e-02,8.8194457200e+03,3.8514767100e+33
9.7137455800e-01,6.7605513900e+10,1.4684190300e+05,2.9036003200e-03,7.3736539800e-01,1.7991184000e-02,9.0787389100e+03,3.8514767100e+33
9.7159047100e-01,6.7620540900e+10,1.4563036100e+05,2.8625811300e-03,7.3736539800e-01,1.7991184000e-02,9.3429336300e+03,3.8514767100e+33
9.7180458900e-01,6.7635443000e+10,1.4443093100e+05,2.8221128200e-03,7.3736539800e-01,1.7991184000e-02,9.6119074000e+03,3.8514767100e+33
9.7201692600e-01,6.7650221300e+10,1.4324347700e+05,2.7821905500e-03,7.3736539800e-01,1.7991184000e-02,9.8855255200e+03,3.8514767100e+33
9.7222750100e-01,6.7664876800e+10,1.4206785500e+05,2.7428087900e-03,7.3736539800e-01,1.7991184000e-02,1.0163639000e+04,3.8514767100e+33
9.7243632700e-01,6.7679410600e+10,1.4090393700e+05,2.7039527800e-03,7.3736539800e-01,1.7991184000e-02,1.0445430100e+04,3.8514767100e+33
9.7264342200e-01,6.7693824000e+10,1.3975161400e+05,2.6656140500e-03,7.3736539800e-01,1.7991184000e-02,1.0729832200e+04,3.8514767100e+33
9.7284880300e-01,6.7708118000e+10,1.3861076500e+05,2.6277868900e-03,7.3736539800e-01,1.7991184000e-02,1.1018128700e+04,3.8514767100e+33
9.7305248300e-01,6.7722293700e+10,1.3748125800e+05,2.5904658300e-03,7.3736539800e-01,1.7991184000e-02,1.1310172400e+04,3.8514767100e+33
9.7325448100e-01,6.7736352300e+10,1.3636294900e+05,2.5536457000e-03,7.3736539800e-01,1.7991184000e-02,1.1604659200e+04,3.8514767100e+33
9.7345481000e-01,6.7750294800e+10,1.3525568700e+05,2.5173215200e-03,7.3736539800e-01,1.7991184000e-02,1.1901959400e+04,3.8514767100e+33
9.7365348600e-01,6.7764122200e+10,1.3415932000e+05,2.4814862100e-03,7.3736539800e-01,1.7991184000e-02,1.2202382600e+04,3.8514767100e+33
9.7385052500e-01,6.7777835700e+10,1.3307372700e+05,2.4461287500e-03,7.3736539800e-01,1.7991184000e-02,1.2505720600e+04,3.8514767100e+33
9.7404594200e-01,6.7791436300e+10,1.3199879400e+05,2.4112433000e-03,7.3736539800e-01,1.7991184000e-02,1.2811763800e+04,3.8514767100e+33
9.7423975200e-01,6.7804925000e+10,1.3093439600e+05,2.3768245300e-03,7.3736539800e-01,1.7991184000e-02,1.3120297700e+04,3.8514767100e+33
9.7443197000e-01,6.7818302900e+10,1.2988039700e+05,2.3428705900e-03,7.3736539800e-01,1.7991184000e-02,1.3431112100e+04,3.8514767100e+33
9.7462261000e-01,6.7831571100e+10,1.2883665600e+05,2.3093821100e-03,7.3736539800e-01,1.7991184000e-02,1.3743997800e+04,3.8514767100e+33
9.7481168700e-01,6.7844730400e+10,1.2780302500e+05,2.2763538600e-03,7.3736539800e-01,1.7991184000e-02,1.4058722500e+04,3.8514767100e+33
9.7499921400e-01,6.7857781900e+10,1.2677935200e+05,2.2437796200e-03,7.3736539800e-01,1.7991184000e-02,1.4375043900e+04,3.8514767100e+33
9.7518520500e-01,6.7870726400e+10,1.2576551500e+05,2.2116502300e-03,7.3736539800e-01,1.7991184000e-02,1.4692063100e+04,3.8514767100e+33
9.7536967300e-01,6.7883565000e+10,1.2476140600e+05,2.1799593600e-03,7.3736539800e-01,1.7991184000e-02,1.5005729900e+04,3.8514767100e+33
9.7555263300e-01,6.7896298600e+10,1.2376690500e+05,2.1487011000e-03,7.3736539800e-01,1.7991184000e-02,1.5320144300e+04,3.8514767100e+33
9.7573409700e-01,6.7908928100e+10,1.2278188300e+05,2.1178698700e-03,7.3736539800e-01,1.7991184000e-02,1.5635175300e+04,3.8514767100e+33
9.7591408000e-01,6.7921454500e+10,1.2180620200e+05,2.0874603800e-03,7.3736539800e-01,1.7991184000e-02,1.5950697700e+04,3.8514767100e+33
9.7609259400e-01,6.7933878700e+10,1.2083971200e+05,2.0574676400e-03,7.3736539800e-01,1.7991184000e-02,1.6266592100e+04,3.8514767100e+33
9.7626965300e-01,6.7946201600e+10,1.1988225700e+05,2.0278872500e-03,7.3736539800e-01,1.7991184000e-02,1.6582746300e+04,3.8514767100e+33
9.7644527000e-01,6.7958424200e+10,1.1893368800e+05,1.9987128500e-03,7.3736539800e-01,1.7991184000e-02,1.6899037900e+04,3.8514767100e+33
9.7661945800e-01,6.7970547300e+10,1.1799388400e+05,1.9699389700e-03,7.3736539800e-01,1.7991184000e-02,1.7215334200e+04,3.8514767100e+33
9.7679222900e-01,6.7982571700e+10,1.1706272100e+05,1.9415605300e-03,7.3736539800e-01,1.7991184000e-02,1.7531506200e+04,3.8514767100e+33
9.7696359600e-01,6.7994498500e+10,1.1614006400e+05,1.9135727100e-03,7.3736539800e-01,1.7991184000e-02,1.7847431500e+04,3.8514767100e+33
9.7713357200e-01,6.8006328400e+10,1.1522576900e+05,1.8859709300e-03,7.3736539800e-01,1.7991184000e-02,1.8162994700e+04,3.8514767100e+33
9.7730216800e-01,6.8018062400e+10,1.1431968400e+05,1.8587507400e-03,7.3736539800e-01,1.7991184000e-02,1.8478086000e+04,3.8514767100e+33
9.7746939800e-01,6.8029701200e+10,1.1342167600e+05,1.8319072400e-03,7.3736539800e-01,1.7991184000e-02,1.8792585000e+04,3.8514767100e+33
9.7763527300e-01,6.8041245700e+10,1.1253162000e+05,1.8054360200e-03,7.3736539800e-01,1.7991184000e-02,1.9106369400e+04,3.8514767100e+33
9.7779980500e-01,6.8052696800e+10,1.1164939100e+05,1.7793326700e-03,7.3736539800e-01,1.7991184000e-02,1.9415832900e+04,3.8514767100e+33
9.7796300600e-01,6.8064055200e+10,1.1077486100e+05,1.7535967000e-03,7.3736539800e-01,1.7991184000e-02,1.9722247200e+04,3.8514767100e+33
9.7812488700e-01,6.8075321700e+10,1.0990789900e+05,1.7282279600e-03,7.3736539800e-01,1.7991184000e-02,2.0027732400e+04,3.8514767100e+33
9.7828545700e-01,6.8086497100e+10,1.0904837500e+05,1.7032207900e-03,7.3736539800e-01,1.7991184000e-02,2.0332345800e+04,3.8514767100e+33
9.7844472900e-01,6.8097582100e+10,1.0819616800e+05,1.6785702500e-03,7.3736539800e-01,1.7991184000e-02,2.0636153700e+04,3.8514767100e+33
9.7860271300e-01,6.8108577400e+10,1.0735115700e+05,1.6542716600e-03,7.3736539800e-01,1.7991184000e-02,2.0939232200e+04,3.8514767100e+33
9.7875941900e-01,6.8119483800e+10,1.0651322600e+05,1.6303203200e-03,7.3736539800e-01,1.7991184000e-02,2.1241666300e+04,3.8514767100e+33
9.7891485700e-01,6.8130301900e+10,1.0568225400e+05,1.6067115200e-03,7.3736539800e-01,1.7991184000e-02,2.1543550700e+04,3.8514767100e+33
9.7906903700e-01,6.8141032600e+10,1.0485812200e+05,1.5834406500e-03,7.3736539800e-01,1.7991184000e-02,2.1844990500e+04,3.8514767100e+33
9.7922197100e-01,6.8151676400e+10,1.0404070900e+05,1.5605023500e-03,7.3736539800e-01,1.7991184000e-02,2.2146095400e+04,3.8514767100e+33
9.7937366800e-01,6.8162234100e+10,1.0322989200e+05,1.5378924700e-03,7.3736539800e-01,1.7991184000e-02,2.2446993600e+04,3.8514767100e+33
9.7952413700e-01,6.8172706500e+10,1.0242555700e+05,1.5156072200e-03,7.3736539800e-01,1.7991184000e-02,2.2747822700e+04,3.8514767100e+33
9.7967338900e-01,6.8183094100e+10,1.0162759200e+05,1.4936426500e-03,7.3736539800e-01,1.7991184000e-02,2.3048724800e+04,3.8514767100e+33
9.7982143400e-01,6.8193397700e+10,1.0083589400e+05,1.4719947300e-03,7.3736539800e-01,1.7991184000e-02,2.3349847200e+04,3.8514767100e+33
9.7996828000e-01,6.8203617900e+10,1.0005036200e+05,1.4506593100e-03,7.3736539800e-01,1.7991184000e-02,2.3651342700e+04,3.8514767100e+33
9.8011393800e-01,6.8213755300e+10,9.9270896300e+04,1.4296316100e-03,7.3736539800e-01,1.7991184000e-02,2.3950233300e+04,3.8514767100e+33
9.8025841700e-01,6.8223810700e+10,9.8497392600e+04,1.4089076000e-03,7.3736539800e-01,1.7991184000e-02,2.4249582300e+04,3.8514767100e+33
9.8040172600e-01,6.8233784700e+10,9.7729756300e+04,1.3884844100e-03,7.3736539800e-01,1.7991184000e-02,2.4549889700e+04,3.8514767100e+33
9.8054387400e-01,6.8243677900e+10,9.6967904600e+04,1.3683582300e-03,7.3736539800e-01,1.7991184000e-02,2.4851441800e+04,3.8514767100e+33
9.8068487000e-01,6.8253490900e+10,9.6211749500e+04,1.3485242800e-03,7.3736539800e-01,1.7991184000e-02,2.5154532700e+04,3.8514767100e+33
9.8082472300e-01,6.8263224400e+10,9.5461207100e+04,1.3289798100e-03,7.3736539800e-01,1.7991184000e-02,2.5459492200e+04,3.8514767100e+33
9.8096344100e-01,6.8272878900e+10,9.4716204700e+04,1.3097258700e-03,7.3736539800e-01,1.7991184000e-02,2.5766704900e+04,3.8514767100e+33
9.8110103300e-01,6.8282455000e+10,9.3976663900e+04,1.2907586300e-03,7.3736539800e-01,1.7991184000e-02,2.6076522300e+04,3.8514767100e+33
9.8123750700e-01,6.8291953200e+10,9.3242500400e+04,1.2720743200e-03,7.3736539800e-01,1.7991184000e-02,2.6389318500e+04,3.8514767100e+33
9.8137287000e-01,6.8301374200e+10,9.2513643400e+04,1.2536694600e-03,7.3736539800e-01,1.7991184000e-02,2.6705478600e+04,3.8514767100e+33
9.8150713000e-01,6.8310718400e+10,9.1790030100e+04,1.2355386300e-03,7.3736539800e-01,1.7991184000e-02,2.7025373800e+04,3.8514767100e+33
9.8164029500e-01,6.8319986400e+10,9.1071586500e+04,1.2176770800e-03,7.3736539800e-01,1.7991184000e-02,2.7349408600e+04,3.8514767100e+33
9.8177237300e-01,6.8329178700e+10,9.0358249900e+04,1.2000820600e-03,7.3736539800e-01,1.7991184000e-02,2.7678024300e+04,3.8514767100e+33
9.8190337100e-01,6.8338295900e+10,8.9649974200e+04,1.1827502000e-03,7.3736539800e-01,1.7991184000e-02,2.8011659700e+04,3.8514767100e+33
9.8203329800e-01,6.8347338500e+10,8.8946708800e+04,1.1656745200e-03,7.3736539800e-01,1.7991184000e-02,2.8351984800e+04,3.8514767100e+33
9.8216216100e-01,6.8356307100e+10,8.8248398500e+04,1.1488526000e-03,7.3736539800e-01,1.7991184000e-02,2.8701941600e+04,3.8514767100e+33
9.8228996700e-01,6.8365202100e+10,8.7555004800e+04,1.1322819300e-03,7.3736539800e-01,1.7991184000e-02,2.9058230300e+04,3.8514767100e+33
9.8241672400e-01,6.8374024100e+10,8.6866500200e+04,1.1159575500e-03,7.3736539800e-01,1.7991184000e-02,2.9421179400e+04,3.8514767100e+33
9.8254244000e-01,6.8382773600e+10,8.6182843200e+04,1.0998743000e-03,7.3736539800e-01,1.7991184000e-02,2.9791140300e+04,3.8514767100e+33
9.8266712100e-01,6.8391451200e+10,8.5504000500e+04,1.0840301900e-03,7.3736539800e-01,1.7991184000e-02,3.0168524300e+04,3.8514767100e+33
9.8279077700e-01,6.8400057400e+10,8.4829955800e+04,1.0684226300e-03,7.3736539800e-01,1.7991184000e-02,3.0553735200e+04,3.8514767100e+33
9.8291341300e-01,6.8408592600e+10,8.4160694300e+04,1.0530450700e-03,7.3736539800e-01,1.7991184000e-02,3.0947120400e+04,3.8514767100e+33
9.8303503800e-01,6.8417057400e+10,8.3496188400e+04,1.0378943600e-03,7.3736539800e-01,1.7991184000e-02,3.1349114800e+04,3.8514767100e+33
9.8315565800e-01,6.8425452300e+10,8.2836422900e+04,1.0229687900e-03,7.3736539800e-01,1.7991184000e-02,3.1760186300e+04,3.8514767100e+33
9.8327528100e-01,6.8433777800e+10,8.2181397000e+04,1.0082654500e-03,7.3736539800e-01,1.7991184000e-02,3.2180784500e+04,3.8514767100e+33
9.8339391500e-01,6.8442034400e+10,8.1531102900e+04,9.9377778300e-04,7.3736539800e-01,1.7991184000e-02,3.2611309600e+04,3.8514767100e+33
9.8351156600e-01,6.8450222700e+10,8.0885520300e+04,9.7950695900e-04,7.3736539800e-01,1.7991184000e-02,3.3052350700e+04,3.8514767100e+33
9.8362824100e-01,6.8458343000e+10,8.0244636800e+04,9.6545170400e-04,7.3736539800e-01,1.7991184000e-02,3.3504465000e+04,3.8514767100e+33
9.8374394700e-01,6.8466395900e+10,7.9608453400e+04,9.5160822000e-04,7.3736539800e-01,1.7991184000e-02,3.3968162800e+04,3.8514767100e+33
9.8385869100e-01,6.8474381800e+10,7.8976963500e+04,9.3796916100e-04,7.3736539800e-01,1.7991184000e-02,3.4445899400e+04,3.8514767100e+33
9.8397247900e-01,6.8482301200e+10,7.8350157200e+04,9.2453250200e-04,7.3736539800e-01,1.7991184000e-02,3.4937026700e+04,3.8514767100e+33
9.8408531800e-01,6.8490154600e+10,7.7728037600e+04,9.1129642100e-04,7.3736539800e-01,1.7991184000e-02,3.5441311700e+04,3.8514767100e+33
9.8419721600e-01,6.8497942400e+10,7.7110618500e+04,8.9825733600e-04,7.3736539800e-01,1.7991184000e-02,3.5959246200e+04,3.8514767100e+33
9.8430817900e-01,6.8505665200e+10,7.6497905300e+04,8.8540797500e-04,7.3736539800e-01,1.7991184000e-02,3.6491254000e+04,3.8514767100e+33
9.8441821400e-01,6.8513323400e+10,7.5889899700e+04,8.7274664800e-04,7.3736539800e-01,1.7991184000e-02,3.7037919700e+04,3.8514767100e+33
9.8452732800e-01,6.8520917500e+10,7.5286612900e+04,8.6027185600e-04,7.3736539800e-01,1.7991184000e-02,3.7599843400e+04,3.8514767100e+33
9.8463552800e-01,6.8528448000e+10,7.4688064600e+04,8.4798074400e-04,7.3736539800e-01,1.7991184000e-02,3.8177597300e+04,3.8514767100e+33
9.8474282200e-01,6.8535915400e+10,7.4094267400e+04,8.3586579000e-04,7.3736539800e-01,1.7991184000e-02,3.8771646000e+04,3.8514767100e+33
9.8484921600e-01,6.8543320100e+10,7.3505227600e+04,8.2392526200e-04,7.3736539800e-01,1.7991184000e-02,3.9382644100e+04,3.8514767100e+33
9.8495471700e-01,6.8550662800e+10,7.2920957400e+04,8.1215808000e-04,7.3736539800e-01,1.7991184000e-02,4.0011280700e+04,3.8514767100e+33
9.8505933200e-01,6.8557943800e+10,7.2341475800e+04,8.0056260800e-04,7.3736539800e-01,1.7991184000e-02,4.0658242700e+04,3.8514767100e+33
9.8516306900e-01,6.8565163700e+10,7.1766798700e+04,7.8913165200e-04,7.3736539800e-01,1.7991184000e-02,4.1324062700e+04,3.8514767100e+33
9.8526593500e-01,6.8572322900e+10,7.1196931400e+04,7.7786235100e-04,7.3736539800e-01,1.7991184000e-02,4.2009444400e+04,3.8514767100e+33
9.8536793700e-01,6.8579422000e+10,7.0631882500e+04,7.6675387300e-04,7.3736539800e-01,1.7991184000e-02,4.2719542500e+04,3.8514767100e+33
9.8546908200e-01,6.8586461400e+10,7.0071665500e+04,7.5580512300e-04,7.3736539800e-01,1.7991184000e-02,4.3461724800e+04,3.8514767100e+33
9.8556937700e-01,6.8593441700e+10,6.9516295200e+04,7.4501201300e-04,7.3736539800e-01,1.7991184000e-02,4.4225726700e+04,3.8514767100e+33
9.8566882900e-01,6.8600363400e+10,6.8965773700e+04,7.3437112300e-04,7.3736539800e-01,1.7991184000e-02,4.5011869700e+04,3.8514767100e+33
9.8576744500e-01,6.8607226900e+10,6.8420101400e+04,7.2388223100e-04,7.3736539800e-01,1.7991184000e-02,4.5820598300e+04,3.8514767100e+33
9.8586523200e-01,6.8614032700e+10,6.7879283900e+04,7.1354429600e-04,7.3736539800e-01,1.7991184000e-02,4.6652316800e+04,3.8514767100e+33
9.8596219700e-01,6.8620781200e+10,6.7343331500e+04,7.0335572600e-04,7.3736539800e-01,1.7991184000e-02,4.7507394900e+04,3.8514767100e+33
9.8605834700e-01,6.8627473000e+10,6.6812251300e+04,6.9330927200e-04,7.3736539800e-01,1.7991184000e-02,4.8385956200e+04,3.8514767100e+33
9.8615368800e-01,6.8634108500e+10,6.6286041600e+04,6.8340235000e-04,7.3736539800e-01,1.7991184000e-02,4.9288321200e+04,3.8514767100e+33
9.8624822800e-01,6.8640688300e+10,6.5764703600e+04,6.7363436300e-04,7.3736539800e-01,1.7991184000e-02,5.0214884800e+04,3.8514767100e+33
9.8634197300e-01,6.8647212800e+10,6.5248241700e+04,6.6400448200e-04,7.3736539800e-01,1.7991184000e-02,5.1166019900e+04,3.8514767100e+33
9.8643493100e-01,6.8653682400e+10,6.4736662600e+04,6.5451055500e-04,7.3736539800e-01,1.7991184000e-02,5.2142021700e+04,3.8514767100e+33
9.8652710900e-01,6.8660097800e+10,6.4229965500e+04,6.4514533300e-04,7.3736539800e-01,1.7991184000e-02,5.3142928600e+04,3.8514767100e+33
9.8661851300e-01,6.8666459300e+10,6.3728142600e+04,6.3590760800e-04,7.3736539800e-01,1.7991184000e-02,5.4169073800e+04,3.8514767100e+33
9.8670915100e-01,6.8672767500e+10,6.3231188800e+04,6.2679697300e-04,7.3736539800e-01,1.7991184000e-02,5.5220818000e+04,3.8514767100e+33
9.8679903100e-01,6.8679022900e+10,6.2739101300e+04,6.1781280900e-04,7.3736539800e-01,1.7991184000e-02,5.6311259300e+04,3.8514767100e+33
9.8688815800e-01,6.8685226000e+10,6.2251879000e+04,6.0895332300e-04,7.3736539800e-01,1.7991184000e-02,5.7432876600e+04,3.8514767100e+33
9.8697654000e-01,6.8691377200e+10,6.1769513600e+04,6.0021187200e-04,7.3736539800e-01,1.7991184000e-02,5.8580381500e+04,3.8514767100e+33
9.8706418500e-01,6.8697477100e+10,6.1291989500e+04,5.9158702800e-04,7.3736539800e-01,1.7991184000e-02,5.9753506600e+04,3.8514767100e+33
9.8715109900e-01,6.8703526100e+10,6.0819291900e+04,5.8307205400e-04,7.3736539800e-01,1.7991184000e-02,6.0951590300e+04,3.8514767100e+33
9.8723729100e-01,6.8709524900e+10,6.0351406900e+04,5.7467824100e-04,7.3736539800e-01,1.7991184000e-02,6.2175087100e+04,3.8514767100e+33
9.8732276600e-01,6.8715473800e+10,5.9888321300e+04,5.6639851600e-04,7.3736539800e-01,1.7991184000e-02,6.3423232800e+04,3.8514767100e+33
9.8740753300e-01,6.8721373300e+10,5.9430017800e+04,5.5822862000e-04,7.3736539800e-01,1.7991184000e-02,6.4695378600e+04,3.8514767100e+33
9.8749159600e-01,6.8727224000e+10,5.8976475200e+04,5.5016965700e-04,7.3736539800e-01,1.7991184000e-02,6.5991212400e+04,3.8514767100e+33
9.8757496500e-01,6.8733026200e+10,5.8527677900e+04,5.4222166900e-04,7.3736539800e-01,1.7991184000e-02,6.7310288200e+04,3.8514767100e+33
9.8765764400e-01,6.8738780500e+10,5.8083608900e+04,5.3438087800e-04,7.3736539800e-01,1.7991184000e-02,6.8651821100e+04,3.8514767100e+33
9.8773964100e-01,6.8744487300e+10,5.7644248000e+04,5.2664636800e-04,7.3736539800e-01,1.7991184000e-02,7.0015193500e+04,3.8514767100e+33
9.8782096200e-01,6.8750147100e+10,5.7209576200e+04,5.1901677600e-04,7.3736539800e-01,1.7991184000e-02,7.1399693400e+04,3.8514767100e+33
9.8790161400e-01,6.8755760300e+10,5.6779570800e+04,5.1148879900e-04,7.3736539800e-01,1.7991184000e-02,7.2804397100e+04,3.8514767100e+33
9.8798160400e-01,6.8761327400e+10,5.6354207800e+04,5.0406195300e-04,7.3736539800e-01,1.7991184000e-02,7.4228563700e+04,3.8514767100e+33
9.8806093800e-01,6.8766848900e+10,5.5933463900e+04,4.9673485200e-04,7.3736539800e-01,1.7991184000e-02,7.5685745400e+04,3.8514767100e+33
9.8813962400e-01,6.8772325200e+10,5.5517311700e+04,4.8950447300e-04,7.3736539800e-01,1.7991184000e-02,7.7166418700e+04,3.8514767100e+33
9.8821766700e-01,6.8777756900e+10,5.5105723200e+04,4.8236984700e-04,7.3736539800e-01,1.7991184000e-02,7.8663459700e+04,3.8514767100e+33
9.8829507500e-01,6.8783144300e+10,5.4698672700e+04,4.7532873600e-04,7.3736539800e-01,1.7991184000e-02,8.0175159600e+04,3.8514767100e+33
9.8837185400e-01,6.8788488000e+10,5.4296131900e+04,4.6837846400e-04,7.3736539800e-01,1.7991184000e-02,8.1699676100e+04,3.8514767100e+33
9.8844801200e-01,6.8793788400e+10,5.3898068700e+04,4.6152078400e-04,7.3736539800e-01,1.7991184000e-02,8.3235571900e+04,3.8514767100e+33
9.8852355400e-01,6.8799045900e+10,5.3504447800e+04,4.5475650500e-04,7.3736539800e-01,1.7991184000e-02,8.4781280800e+04,3.8514767100e+33
9.8859848600e-01,6.8804261100e+10,5.3115228700e+04,4.4808230200e-04,7.3736539800e-01,1.7991184000e-02,8.6334736800e+04,3.8514767100e+33
9.8867281600e-01,6.8809434300e+10,5.2730372800e+04,4.4149547600e-04,7.3736539800e-01,1.7991184000e-02,8.7893835100e+04,3.8514767100e+33
9.8874655000e-01,6.8814565900e+10,5.2349848000e+04,4.3499337600e-04,7.3736539800e-01,1.7991184000e-02,8.9456343500e+04,3.8514767100e+33
9.8881969400e-01,6.8819656600e+10,5.1973625100e+04,4.2857277000e-04,7.3736539800e-01,1.7991184000e-02,9.1019843300e+04,3.8514767100e+33
9.8889225600e-01,6.8824706800e+10,5.1601668400e+04,4.2223504100e-04,7.3736539800e-01,1.7991184000e-02,9.2582467000e+04,3.8514767100e+33
9.8896424200e-01,6.8829716800e+10,5.1233935200e+04,4.1598342000e-04,7.3736539800e-01,1.7991184000e-02,9.4142625600e+04,3.8514767100e+33
9.8903565700e-01,6.8834687200e+10,5.0870381200e+04,4.0981838200e-04,7.3736539800e-01,1.7991184000e-02,9.5698372400e+04,3.8514767100e+33
9.8910650800e-01,6.8839618200e+10,5.0510962600e+04,4.0373679800e-04,7.3736539800e-01,1.7991184000e-02,9.7247213200e+04,3.8514767100e+33
9.8917679900e-01,6.8844510300e+10,5.0155640900e+04,3.9773699200e-04,7.3736539800e-01,1.7991184000e-02,9.8786759700e+04,3.8514767100e+33
9.8924653700e-01,6.8849364000e+10,4.9804382400e+04,3.9181698400e-04,7.3736539800e-01,1.7991184000e-02,1.0031278400e+05,3.8514767100e+33
9.8931572900e-01,6.8854179500e+10,4.9457153400e+04,3.8597434700e-04,7.3736539800e-01,1.7991184000e-02,1.0182426600e+05,3.8514767100e+33
9.8938437900e-01,6.8858957400e+10,4.9113915800e+04,3.8020906800e-04,7.3736539800e-01,1.7991184000e-02,1.0331918400e+05,3.8514767100e+33
9.8945249400e-01,6.8863698100e+10,4.8774628800e+04,3.7452131600e-04,7.3736539800e-01,1.7991184000e-02,1.0479535400e+05,3.8514767100e+33
9.8952007900e-01,6.8868401900e+10,4.8439249400e+04,3.6890957500e-04,7.3736539800e-01,1.7991184000e-02,1.0625031800e+05,3.8514767100e+33
9.8958714100e-01,6.8873069200e+10,4.8107734800e+04,3.6337161900e-04,7.3736539800e-01,1.7991184000e-02,1.0768147100e+05,3.8514767100e+33
9.8965368500e-01,6.8877700500e+10,4.7780040800e+04,3.5790720000e-04,7.3736539800e-01,1.7991184000e-02,1.0908654900e+05,3.8514767100e+33
9.8971971700e-01,6.8882296200e+10,4.7456121800e+04,3.5251601400e-04,7.3736539800e-01,1.7991184000e-02,1.1046330300e+05,3.8514767100e+33
9.8978524200e-01,6.8886856600e+10,4.7135932000e+04,3.4719598400e-04,7.3736539800e-01,1.7991184000e-02,1.1180916300e+05,3.8514767100e+33
9.8985026600e-01,6.8891382200e+10,4.6819425700e+04,3.4194583300e-04,7.3736539800e-01,1.7991184000e-02,1.1312170700e+05,3.8514767100e+33
9.8991479600e-01,6.8895873300e+10,4.6506555700e+04,3.3676536600e-04,7.3736539800e-01,1.7991184000e-02,1.1439875900e+05,3.8514767100e+33
9.8997883500e-01,6.8900330300e+10,4.6197273500e+04,3.3165431500e-04,7.3736539800e-01,1.7991184000e-02,1.1563817800e+05,3.8514767100e+33
9.9004239100e-01,6.8904753600e+10,4.5891530600e+04,3.2661072600e-04,7.3736539800e-01,1.7991184000e-02,1.1683751000e+05,3.8514767100e+33
9.9010546800e-01,6.8909143600e+10,4.5589279600e+04,3.2163346000e-04,7.3736539800e-01,1.7991184000e-02,1.1799448400e+05,3.8514767100e+33
9.9016807200e-01,6.8913500700e+10,4.5290472200e+04,3.1672229500e-04,7.3736539800e-01,1.7991184000e-02,1.1910708800e+05,3.8514767100e+33
9.9023020800e-01,6.8917825300e+10,4.4995059300e+04,3.1187821400e-04,7.3736539800e-01,1.7991184000e-02,1.2017365500e+05,3.8514767100e+33
9.9029188100e-01,6.8922117600e+10,4.4702997600e+04,3.0710139200e-04,7.3736539800e-01,1.7991184000e-02,1.2119238500e+05,3.8514767100e+33
9.9035309700e-01,6.8926378000e+10,4.4414247700e+04,3.0239021300e-04,7.3736539800e-01,1.7991184000e-02,1.2212315300e+05,3.8514767100e+33
9.9041385900e-01,6.8930607000e+10,4.4128768300e+04,2.9774420100e-04,7.3736539800e-01,1.7991184000e-02,1.2299734800e+05,3.8514767100e+33
9.9047417200e-01,6.8934804700e+10,4.3846515900e+04,2.9316288100e-04,7.3736539800e-01,1.7991184000e-02,1.2381925200e+05,3.8514767100e+33
9.9053404200e-01,6.8938971500e+10,4.3567445100e+04,2.8864533900e-04,7.3736539800e-01,1.7991184000e-02,1.2458798600e+05,3.8514767100e+33
9.9059347300e-01,6.8943107700e+10,4.3291512700e+04,2.8418959900e-04,7.3736539800e-01,1.7991184000e-02,1.2530244700e+05,3.8514767100e+33
9.9065246900e-01,6.8947213700e+10,4.3018675500e+04,2.7979506700e-04,7.3736539800e-01,1.7991184000e-02,1.2596195500e+05,3.8514767100e+33
9.9071103600e-01,6.8951289800e+10,4.2748888500e+04,2.7546128000e-04,7.3736539800e-01,1.7991184000e-02,1.2656596300e+05,3.8514767100e+33
9.9076917700e-01,6.8955336300e+10,4.2482104600e+04,2.7118778700e-04,7.3736539800e-01,1.7991184000e-02,1.2711402000e+05,3.8514767100e+33
9.9082689800e-01,6.8959353600e+10,4.2218277000e+04,2.6697315800e-04,7.3736539800e-01,1.7991184000e-02,1.2760547800e+05,3.8514767100e+33
9.9088420300e-01,6.8963341900e+10,4.1957361300e+04,2.6281618400e-04,7.3736539800e-01,1.7991184000e-02,1.2803979500e+05,3.8514767100e+33
9.9094109700e-01,6.8967301500e+10,4.1699312800e+04,2.5871643100e-04,7.3736539800e-01,1.7991184000e-02,1.2841673400e+05,3.8514767100e+33
9.9099758300e-01,6.8971232900e+10,4.1444085600e+04,2.5467348000e-04,7.3736539800e-01,1.7991184000e-02,1.2873615500e+05,3.8514767100e+33
9.9105366800e-01,6.8975136300e+10,4.1191632400e+04,2.5068687900e-04,7.3736539800e-01,1.7991184000e-02,1.2899799900e+05,3.8514767100e+33
9.9110935500e-01,6.8979011900e+10,4.0941907100e+04,2.4675522900e-04,7.3736539800e-01,1.7991184000e-02,1.2920197600e+05,3.8514767100e+33
9.9116464800e-01,6.8982860200e+10,4.0694866200e+04,2.4287765500e-04,7.3736539800e-01,1.7991184000e-02,1.2934801300e+05,3.8514767100e+33
9.9121955200e-01,6.8986681400e+10,4.0450466200e+04,2.3905372900e-04,7.3736539800e-01,1.7991184000e-02,1.2943625400e+05,3.8514767100e+33
9.9127407200e-01,6.8990475800e+10,4.0208663400e+04,2.3528341300e-04,7.3736539800e-01,1.7991184000e-02,1.2946705800e+05,3.8514767100e+33
9.9132821000e-01,6.8994243800e+10,3.9969417600e+04,2.3156852800e-04,7.3736539800e-01,1.7991184000e-02,1.2944149700e+05,3.8514767100e+33
9.9138197200e-01,6.8997985500e+10,3.9732692800e+04,2.2790803300e-04,7.3736539800e-01,1.7991184000e-02,1.2934136900e+05,3.8514767100e+33
9.9143535900e-01,6.9001701100e+10,3.9498454300e+04,2.2430076600e-04,7.3736539800e-01,1.7991184000e-02,1.2914863000e+05,3.8514767100e+33
9.9148837700e-01,6.9005391000e+10,3.9266667000e+04,2.2074605000e-04,7.3736539800e-01,1.7991184000e-02,1.2890189600e+05,3.8514767100e+33
9.9154102900e-01,6.9009055500e+10,3.9037294900e+04,2.1724323300e-04,7.3736539800e-01,1.7991184000e-02,1.2860257800e+05,3.8514767100e+33
9.9159331700e-01,6.9012694600e+10,3.8810301000e+04,2.1379167800e-04,7.3736539800e-01,1.7991184000e-02,1.2825213100e+05,3.8514767100e+33
9.9164524700e-01,6.9016308800e+10,3.8585647800e+04,2.1039048900e-04,7.3736539800e-01,1.7991184000e-02,1.2785193900e+05,3.8514767100e+33
9.9169682000e-01,6.9019898200e+10,3.8363298200e+04,2.0703834600e-04,7.3736539800e-01,1.7991184000e-02,1.2740324100e+05,3.8514767100e+33
9.9174804200e-01,6.9023463100e+10,3.8143215800e+04,2.0373462400e-04,7.3736539800e-01,1.7991184000e-02,1.2690754600e+05,3.8514767100e+33
9.9179891500e-01,6.9027003800e+10,3.7925364800e+04,2.0047875200e-04,7.3736539800e-01,1.7991184000e-02,1.2636640200e+05,3.8514767100e+33
9.9184944400e-01,6.9030520500e+10,3.7709709400e+04,1.9727016800e-04,7.3736539800e-01,1.7991184000e-02,1.2578136900e+05,3.8514767100e+33
9.9189963100e-01,6.9034013400e+10,3.7496214300e+04,1.9410832500e-04,7.3736539800e-01,1.7991184000e-02,1.2515402400e+05,3.8514767100e+33
9.9194948000e-01,6.9037482800e+10,3.7284844100e+04,1.9099223300e-04,7.3736539800e-01,1.7991184000e-02,1.2448576800e+05,3.8514767100e+33
9.9199899500e-01,6.9040928900e+10,3.7075563200e+04,1.8792096800e-04,7.3736539800e-01,1.7991184000e-02,1.2377802200e+05,3.8514767100e+33
9.9204817900e-01,6.9044352000e+10,3.6868337700e+04,1.8489405000e-04,7.3736539800e-01,1.7991184000e-02,1.2303238200e+05,3.8514767100e+33
9.9209703600e-01,6.9047752400e+10,3.6663134500e+04,1.8191099800e-04,7.3736539800e-01,1.7991184000e-02,1.2225044000e+05,3.8514767100e+33
9.9214556900e-01,6.9051130200e+10,3.6459921900e+04,1.7897133800e-04,7.3736539800e-01,1.7991184000e-02,1.2143378500e+05,3.8514767100e+33
9.9219378200e-01,6.9054485700e+10,3.6258669500e+04,1.7607515000e-04,7.3736539800e-01,1.7991184000e-02,1.2058423500e+05,3.8514767100e+33
9.9224167800e-01,6.9057819100e+10,3.6059350400e+04,1.7322370000e-04,7.3736539800e-01,1.7991184000e-02,1.1970412500e+05,3.8514767100e+33
9.9228925800e-01,6.9061130600e+10,3.5861938900e+04,1.7041604900e-04,7.3736539800e-01,1.7991184000e-02,1.1879483400e+05,3.8514767100e+33
9.9233652600e-01,6.9064420300e+10,3.5666408700e+04,1.6765147600e-04,7.3736539800e-01,1.7991184000e-02,1.1785781300e+05,3.8514767100e+33
9.9238348500e-01,6.9067688600e+10,3.5472734700e+04,1.6492927700e-04,7.3736539800e-01,1.7991184000e-02,1.1689434300e+05,3.8514767100e+33
9.9243013700e-01,6.9070935500e+10,3.5280892300e+04,1.6224876600e-04,7.3736539800e-01,1.7991184000e-02,1.1590261300e+05,3.8514767100e+33
9.9247648500e-01,6.9074161200e+10,3.5090857500e+04,1.5960927700e-04,7.3736539800e-01,1.7991184000e-02,1.1488756800e+05,3.8514767100e+33
9.9252253200e-01,6.9077365900e+10,3.4902606800e+04,1.5701006400e-04,7.3736539800e-01,1.7991184000e-02,1.1385060900e+05,3.8514767100e+33
9.9256828000e-01,6.9080549900e+10,3.4716114600e+04,1.5444997600e-04,7.3736539800e-01,1.7991184000e-02,1.1279292200e+05,3.8514767100e+33
9.9261373300e-01,6.9083713300e+10,3.4531354100e+04,1.5192837800e-04,7.3736539800e-01,1.7991184000e-02,1.1171589600e+05,3.8514767100e+33
9.9265889300e-01,6.9086856300e+10,3.4348299800e+04,1.4944472700e-04,7.3736539800e-01,1.7991184000e-02,1.1062093200e+05,3.8514767100e+33
9.9270376200e-01,6.9089979200e+10,3.4166927800e+04,1.4699849400e-04,7.3736539800e-01,1.7991184000e-02,1.0950940200e+05,3.8514767100e+33
9.9274834500e-01,6.9093082000e+10,3.3987215700e+04,1.4458915700e-04,7.3736539800e-01,1.7991184000e-02,1.0838264800e+05,3.8514767100e+33
9.9279264300e-01,6.9096165100e+10,3.3809142100e+04,1.4221620400e-04,7.3736539800e-01,1.7991184000e-02,1.0724198500e+05,3.8514767100e+33
9.9283666000e-01,6.9099228500e+10,3.3632686900e+04,1.3987897400e-04,7.3736539800e-01,1.7991184000e-02,1.0608862000e+05,3.8514767100e+33
9.9288039800e-01,6.9102272600e+10,3.3457827100e+04,1.3757653500e-04,7.3736539800e-01,1.7991184000e-02,1.0492358900e+05,3.8514767100e+33
9.9292386000e-01,6.9105297400e+10,3.3284539100e+04,1.3530841800e-04,7.3736539800e-01,1.7991184000e-02,1.0374811700e+05,3.8514767100e+33
9.9296704900e-01,6.9108303300e+10,3.3112800500e+04,1.3307422800e-04,7.3736539800e-01,1.7991184000e-02,1.0256342500e+05,3.8514767100e+33
9.9300996700e-01,6.9111290300e+10,3.2942591800e+04,1.3087505300e-04,7.3736539800e-01,1.7991184000e-02,1.0137143400e+05,3.8514767100e+33
9.9305261700e-01,6.9114258700e+10,3.2773897900e+04,1.2871124300e-04,7.3736539800e-01,1.7991184000e-02,1.0017368300e+05,3.8514767100e+33
9.9309500100e-01,6.9117208500e+10,3.2606704600e+04,1.2658214200e-04,7.3736539800e-01,1.7991184000e-02,9.8971172400e+04,3.8514767100e+33
9.9313712100e-01,6.9120139900e+10,3.2440998500e+04,1.2448707000e-04,7.3736539800e-01,1.7991184000e-02,9.7764856800e+04,3.8514767100e+33
9.9317897800e-01,6.9123053100e+10,3.2276764100e+04,1.2242497300e-04,7.3736539800e-01,1.7991184000e-02,9.6555459400e+04,3.8514767100e+33
9.9322057500e-01,6.9125948200e+10,3.2113983200e+04,1.2039516400e-04,7.3736539800e-01,1.7991184000e-02,9.5343843000e+04,3.8514767100e+33
9.9326191500e-01,6.9128825300e+10,3.1952637900e+04,1.1839710700e-04,7.3736539800e-01,1.7991184000e-02,9.4130906400e+04,3.8514767100e+33
9.9330299900e-01,6.9131684700e+10,3.1792711100e+04,1.1643028300e-04,7.3736539800e-01,1.7991184000e-02,9.2917520300e+04,3.8514767100e+33
9.9334382900e-01,6.9134526400e+10,3.1634186700e+04,1.1449419500e-04,7.3736539800e-01,1.7991184000e-02,9.1704526100e+04,3.8514767100e+33
9.9338440900e-01,6.9137350700e+10,3.1477049100e+04,1.1258835700e-04,7.3736539800e-01,1.7991184000e-02,9.0479666300e+04,3.8514767100e+33
9.9342474000e-01,6.9140157600e+10,3.1321284000e+04,1.1071230000e-04,7.3736539800e-01,1.7991184000e-02,8.9256316700e+04,3.8514767100e+33
9.9346482500e-01,6.9142947400e+10,3.1166877600e+04,1.0886548200e-04,7.3736539800e-01,1.7991184000e-02,8.8036365000e+04,3.8514767100e+33
9.9350466500e-01,6.9145720200e+10,3.1013814600e+04,1.0704708600e-04,7.3736539800e-01,1.7991184000e-02,8.6820469000e+04,3.8514767100e+33
9.9354426300e-01,6.9148476100e+10,3.0862078300e+04,1.0525662500e-04,7.3736539800e-01,1.7991184000e-02,8.5609405400e+04,3.8514767100e+33
9.9358362200e-01,6.9151215400e+10,3.0711652300e+04,1.0349369200e-04,7.3736539800e-01,1.7991184000e-02,8.4403946200e+04,3.8514767100e+33
9.9362274300e-01,6.9153938200e+10,3.0562520600e+04,1.0175790100e-04,7.3736539800e-01,1.7991184000e-02,8.3204827000e+04,3.8514767100e+33
9.9366163000e-01,6.9156644600e+10,3.0414667700e+04,1.0004887700e-04,7.3736539800e-01,1.7991184000e-02,8.2012746800e+04,3.8514767100e+33
9.9370028400e-01,6.9159334800e+10,3.0268079300e+04,9.8367422600e-05,7.3736539800e-01,1.7991184000e-02,8.0828974600e+04,3.8514767100e+33
9.9373870700e-01,6.9162009000e+10,3.0122744300e+04,9.6714270600e-05,7.3736539800e-01,1.7991184000e-02,7.9654711200e+04,3.8514767100e+33
9.9377689900e-01,6.9164667100e+10,2.9978652400e+04,9.5088723300e-05,7.3736539800e-01,1.7991184000e-02,7.8490374000e+04,3.8514767100e+33
9.9381486400e-01,6.9167309400e+10,2.9835793500e+04,9.3489878700e-05,7.3736539800e-01,1.7991184000e-02,7.7336231900e+04,3.8514767100e+33
9.9385260200e-01,6.9169935900e+10,2.9694156200e+04,9.1916949000e-05,7.3736539800e-01,1.7991184000e-02,7.6192570400e+04,3.8514767100e+33
9.9389011500e-01,6.9172546700e+10,2.9553728500e+04,9.0369327900e-05,7.3736539800e-01,1.7991184000e-02,7.5059728900e+04,3.8514767100e+33
9.9392740500e-01,6.9175142000e+10,2.9414498200e+04,8.8846451700e-05,7.3736539800e-01,1.7991184000e-02,7.3938030900e+04,3.8514767100e+33
9.9396447400e-01,6.9177721900e+10,2.9276453100e+04,8.7347795200e-05,7.3736539800e-01,1.7991184000e-02,7.2827783500e+04,3.8514767100e+33
9.9400132400e-01,6.9180286600e+10,2.9139580900e+04,8.5872868200e-05,7.3736539800e-01,1.7991184000e-02,7.1729276200e+04,3.8514767100e+33
9.9403795700e-01,6.9182836100e+10,2.9003869300e+04,8.4421212200e-05,7.3736539800e-01,1.7991184000e-02,7.0642781700e+04,3.8514767100e+33
9.9407437400e-01,6.9185370700e+10,2.8869306200e+04,8.2992397400e-05,7.3736539800e-01,1.7991184000e-02,7.0279598700e+04,3.8514767100e+33
9.9411057800e-01,6.9187890400e+10,2.8735879700e+04,8.1586017900e-05,7.3736539800e-01,1.7991184000e-02,6.9189924800e+04,3.8514767100e+33
9.9414657100e-01,6.9190395400e+10,2.8603578200e+04,8.0201556800e-05,7.3736539800e-01,1.7991184000e-02,6.8113927900e+04,3.8514767100e+33
9.9418235500e-01,6.9192885900e+10,2.8472390800e+04,7.8838509600e-05,7.3736539800e-01,1.7991184000e-02,6.7051704600e+04,3.8514767100e+33
9.9421793200e-01,6.9195362000e+10,2.8342306300e+04,7.7496477200e-05,7.3736539800e-01,1.7991184000e-02,6.6003379200e+04,3.8514767100e+33
9.9425330400e-01,6.9197823800e+10,2.8213312600e+04,7.6175090800e-05,7.3736539800e-01,1.7991184000e-02,6.4969064100e+04,3.8514767100e+33
9.9428847300e-01,6.9200271500e+10,2.8085397600e+04,7.4874017400e-05,7.3736539800e-01,1.7991184000e-02,6.3981758100e+04,3.8514767100e+33
9.9432344200e-01,6.9202705300e+10,2.7958549700e+04,7.3594142800e-05,7.3736539800e-01,1.7991184000e-02,6.3017485200e+04,3.8514767100e+33
9.9435821200e-01,6.9205125200e+10,2.7832759700e+04,7.2335874700e-05,7.3736539800e-01,1.7991184000e-02,6.2066382500e+04,3.8514767100e+33
9.9439278400e-01,6.9207531300e+10,2.7708018200e+04,7.1098708600e-05,7.3736539800e-01,1.7991184000e-02,6.1128100900e+04,3.8514767100e+33
9.9442716000e-01,6.9209923800e+10,2.7584315500e+04,6.9882170000e-05,7.3736539800e-01,1.7991184000e-02,6.0202315200e+04,3.8514767100e+33
9.9446134000e-01,6.9212302700e+10,2.7461641400e+04,6.8685812200e-05,7.3736539800e-01,1.7991184000e-02,5.9288722900e+04,3.8514767100e+33
9.9449532700e-01,6.9214668000e+10,2.7339986600e+04,6.7509171700e-05,7.3736539800e-01,1.7991184000e-02,5.8387021800e+04,3.8514767100e+33
9.9452912100e-01,6.9217020100e+10,2.7219342800e+04,6.6351762000e-05,7.3736539800e-01,1.7991184000e-02,5.7496907700e+04,3.8514767100e+33
9.9456272500e-01,6.9219358800e+10,2.7099701200e+04,6.5213130900e-05,7.3736539800e-01,1.7991184000e-02,5.6618099900e+04,3.8514767100e+33
9.9459613900e-01,6.9221684400e+10,2.6981051700e+04,6.4092858800e-05,7.3736539800e-01,1.7991184000e-02,5.5750340300e+04,3.8514767100e+33
9.9462936700e-01,6.9223996900e+10,2.6863383900e+04,6.2990556300e-05,7.3736539800e-01,1.7991184000e-02,5.4893391500e+04,3.8514767100e+33
9.9466240800e-01,6.9226296600e+10,2.6746686300e+04,6.1905861900e-05,7.3736539800e-01,1.7991184000e-02,5.4047035200e+04,3.8514767100e+33
9.9469526600e-01,6.9228583400e+10,2.6630947200e+04,6.0838439500e-05,7.3736539800e-01,1.7991184000e-02,5.3211071600e+04,3.8514767100e+33
9.9472794200e-01,6.9230857600e+10,2.6516154300e+04,5.9787977000e-05,7.3736539800e-01,1.7991184000e-02,5.2385317300e+04,3.8514767100e+33
9.9476043800e-01,6.9233119200e+10,2.6402294900e+04,5.8754184200e-05,7.3736539800e-01,1.7991184000e-02,5.1569605000e+04,3.8514767100e+33
9.9479275600e-01,6.9235368500e+10,2.6289356000e+04,5.7736790900e-05,7.3736539800e-01,1.7991184000e-02,5.0763781900e+04,3.8514767100e+33
9.9482489600e-01,6.9237605400e+10,2.6177325000e+04,5.6735575000e-05,7.3736539800e-01,1.7991184000e-02,4.9967725200e+04,3.8514767100e+33
9.9485686200e-01,6.9239830100e+10,2.6066191400e+04,5.5750565500e-05,7.3736539800e-01,1.7991184000e-02,4.9181456500e+04,3.8514767100e+33
9.9488865400e-01,6.9242042800e+10,2.5955948500e+04,5.4782688200e-05,7.3736539800e-01,1.7991184000e-02,4.8405489700e+04,3.8514767100e+33
9.9492027400e-01,6.9244243400e+10,2.5846590500e+04,5.3831649200e-05,7.3736539800e-01,1.7991184000e-02,4.7639689900e+04,3.8514767100e+33
9.9495172100e-01,6.9246432100e+10,2.5738110800e+04,5.2896950200e-05,7.3736539800e-01,1.7991184000e-02,4.6883813400e+04,3.8514767100e+33
9.9498299800e-01,6.9248608900e+10,2.5630501600e+04,5.1978129700e-05,7.3736539800e-01,1.7991184000e-02,4.6137636900e+04,3.8514767100e+33
9.9501410600e-01,6.9250773900e+10,2.5523754500e+04,5.1074761800e-05,7.3736539800e-01,1.7991184000e-02,4.5400956900e+04,3.8514767100e+33
9.9504504500e-01,6.9252927200e+10,2.5417859800e+04,5.0186453000e-05,7.3736539800e-01,1.7991184000e-02,4.4673588000e+04,3.8514767100e+33
9.9507581700e-01,6.9255068900e+10,2.5312807600e+04,4.9312839600e-05,7.3736539800e-01,1.7991184000e-02,4.3955361200e+04,3.8514767100e+33
9.9510642300e-01,6.9257199000e+10,2.5208587100e+04,4.8453585500e-05,7.3736539800e-01,1.7991184000e-02,4.3246123300e+04,3.8514767100e+33
9.9513686500e-01,6.9259317700e+10,2.5105186900e+04,4.7608380200e-05,7.3736539800e-01,1.7991184000e-02,4.2544264200e+04,3.8514767100e+33
9.9516714500e-01,6.9261425100e+10,2.5002595400e+04,4.6776936700e-05,7.3736539800e-01,1.7991184000e-02,4.1841819200e+04,3.8514767100e+33
9.9519726400e-01,6.9263521300e+10,2.4900801300e+04,4.5959116200e-05,7.3736539800e-01,1.7991184000e-02,4.1148628500e+04,3.8514767100e+33
9.9522722300e-01,6.9265606400e+10,2.4799796300e+04,4.5154756000e-05,7.3736539800e-01,1.7991184000e-02,4.0464703900e+04,3.8514767100e+33
9.9525702300e-01,6.9267680400e+10,2.4699572500e+04,4.4363529100e-05,7.3736539800e-01,1.7991184000e-02,3.9789964000e+04,3.8514767100e+33
9.9528666700e-01,6.9269743600e+10,2.4600121200e+04,4.3585135100e-05,7.3736539800e-01,1.7991184000e-02,3.9124333800e+04,3.8514767100e+33
9.9531615500e-01,6.9271795900e+10,2.4501433500e+04,4.2819295900e-05,7.3736539800e-01,1.7991184000e-02,3.8467742900e+04,3.8514767100e+33
9.9534549000e-01,6.9273837500e+10,2.4403500000e+04,4.2065767800e-05,7.3736539800e-01,1.7991184000e-02,3.7820132200e+04,3.8514767100e+33
9.9537467200e-01,6.9275868500e+10,2.4306311900e+04,4.1325229500e-05,7.3736539800e-01,1.7991184000e-02,3.7181922500e+04,3.8514767100e+33
9.9540370300e-01,6.9277889000e+10,2.4209862800e+04,4.0597860700e-05,7.3736539800e-01,1.7991184000e-02,3.6553269400e+04,3.8514767100e+33
9.9543258300e-01,6.9279899000e+10,2.4114145700e+04,3.9883255600e-05,7.3736539800e-01,1.7991184000e-02,3.5934013900e+04,3.8514767100e+33
9.9546131300e-01,6.9281898500e+10,2.4019152800e+04,3.9181038300e-05,7.3736539800e-01,1.7991184000e-02,3.5324006100e+04,3.8514767100e+33
9.9548989400e-01,6.9283887700e+10,2.3924875600e+04,3.8490862400e-05,7.3736539800e-01,1.7991184000e-02,3.4723105100e+04,3.8514767100e+33
9.9551832600e-01,6.9285866600e+10,2.3831304800e+04,3.7812408800e-05,7.3736539800e-01,1.7991184000e-02,3.4131178300e+04,3.8514767100e+33
9.9554661200e-01,6.9287835200e+10,2.3738430500e+04,3.7145386100e-05,7.3736539800e-01,1.7991184000e-02,3.3548102000e+04,3.8514767100e+33
9.9557475300e-01,6.9289793700e+10,2.3646243700e+04,3.6489743400e-05,7.3736539800e-01,1.7991184000e-02,3.2973874100e+04,3.8514767100e+33
9.9560274800e-01,6.9291742100e+10,2.3554737900e+04,3.5845303900e-05,7.3736539800e-01,1.7991184000e-02,3.2408429700e+04,3.8514767100e+33
9.9563060000e-01,6.9293680600e+10,2.3463906500e+04,3.5211755700e-05,7.3736539800e-01,1.7991184000e-02,3.1851630100e+04,3.8514767100e+33
9.9565831000e-01,6.9295609100e+10,2.3373742300e+04,3.4588809600e-05,7.3736539800e-01,1.7991184000e-02,3.1303343800e+04,3.8514767100e+33
9.9568587800e-01,6.9297527800e+10,2.3284237900e+04,3.3976197800e-05,7.3736539800e-01,1.7991184000e-02,3.0763445800e+04,3.8514767100e+33
9.9571330600e-01,6.9299436700e+10,2.3195385200e+04,3.3373672300e-05,7.3736539800e-01,1.7991184000e-02,3.0231817200e+04,3.8514767100e+33
9.9574059600e-01,6.9301336000e+10,2.3107175900e+04,3.2781003300e-05,7.3736539800e-01,1.7991184000e-02,2.9708344700e+04,3.8514767100e+33
9.9576774800e-01,6.9303225800e+10,2.3019601500e+04,3.2197978600e-05,7.3736539800e-01,1.7991184000e-02,2.9192920400e+04,3.8514767100e+33
9.9579476500e-01,6.9305106100e+10,2.2932653300e+04,3.1624401500e-05,7.3736539800e-01,1.7991184000e-02,2.8685440800e+04,3.8514767100e+33
9.9582164700e-01,6.9306977000e+10,2.2846322800e+04,3.1060715700e-05,7.3736539800e-01,1.7991184000e-02,2.8186122400e+04,3.8514767100e+33
9.9584839600e-01,6.9308838700e+10,2.2760604000e+04,3.0507271700e-05,7.3736539800e-01,1.7991184000e-02,2.7695133900e+04,3.8514767100e+33
9.9587501100e-01,6.9310691000e+10,2.2675490500e+04,2.9963731500e-05,7.3736539800e-01,1.7991184000e-02,2.7212294200e+04,3.8514767100e+33
9.9590149300e-01,6.9312534100e+10,2.2590975300e+04,2.9429782700e-05,7.3736539800e-01,1.7991184000e-02,2.6737431900e+04,3.8514767100e+33
9.9592784400e-01,6.9314368100e+10,2.2507050700e+04,2.8905138600e-05,7.3736539800e-01,1.7991184000e-02,2.6270385400e+04,3.8514767100e+33
9.9595406400e-01,6.9316193000e+10,2.2423709200e+04,2.8389703100e-05,7.3736539800e-01,1.7991184000e-02,2.5811085900e+04,3.8514767100e+33
9.9598015400e-01,6.9318008700e+10,2.2340945300e+04,2.7883426600e-05,7.3736539800e-01,1.7991184000e-02,2.5359097600e+04,3.8514767100e+33
9.9600611400e-01,6.9319815500e+10,2.2258754000e+04,2.7386022400e-05,7.3736539800e-01,1.7991184000e-02,2.4914368400e+04,3.8514767100e+33
9.9603194500e-01,6.9321613300e+10,2.2177130000e+04,2.6897225400e-05,7.3736539800e-01,1.7991184000e-02,2.4477063900e+04,3.8514767100e+33
9.9605764900e-01,6.9323402200e+10,2.2096067200e+04,2.6416790000e-05,7.3736539800e-01,1.7991184000e-02,2.4047041700e+04,3.8514767100e+33
9.9608322600e-01,6.9325182300e+10,2.2015559300e+04,2.5944489400e-05,7.3736539800e-01,1.7991184000e-02,2.3624166400e+04,3.8514767100e+33
9.9610867700e-01,6.9326953700e+10,2.1935599800e+04,2.5480113400e-05,7.3736539800e-01,1.7991184000e-02,2.3208308700e+04,3.8514767100e+33
9.9613400400e-01,6.9328716400e+10,2.1856181700e+04,2.5023467800e-05,7.3736539800e-01,1.7991184000e-02,2.2799345300e+04,3.8514767100e+33
9.9615920800e-01,6.9330470500e+10,2.1777297900e+04,2.4574372900e-05,7.3736539800e-01,1.7991184000e-02,2.2397158500e+04,3.8514767100e+33
9.9618428900e-01,6.9332216100e+10,2.1698941300e+04,2.4132662300e-05,7.3736539800e-01,1.7991184000e-02,2.2001635400e+04,3.8514767100e+33
9.9620925000e-01,6.9333953300e+10,2.1621104400e+04,2.3698182900e-05,7.3736539800e-01,1.7991184000e-02,2.1612668300e+04,3.8514767100e+33
9.9623409100e-01,6.9335682200e+10,2.1543780500e+04,2.3271345500e-05,7.3736539800e-01,1.7991184000e-02,2.1230416700e+04,3.8514767100e+33
9.9625881400e-01,6.9337402800e+10,2.1466964600e+04,2.2852395000e-05,7.3736539800e-01,1.7991184000e-02,2.0854961300e+04,3.8514767100e+33
9.9628341700e-01,6.9339115200e+10,2.1390651500e+04,2.2441053700e-05,7.3736539800e-01,1.7991184000e-02,2.0486133200e+04,3.8514767100e+33
9.9630790300e-01,6.9340819300e+10,2.1314835400e+04,2.2037066200e-05,7.3736539800e-01,1.7991184000e-02,2.0123772200e+04,3.8514767100e+33
9.9633227100e-01,6.9342515300e+10,2.1239509800e+04,2.1640201000e-05,7.3736539800e-01,1.7991184000e-02,1.9767728600e+04,3.8514767100e+33
9.9635652200e-01,6.9344203100e+10,2.1164668600e+04,2.1250450300e-05,7.3736539800e-01,1.7991184000e-02,1.9417957100e+04,3.8514767100e+33
9.9638065700e-01,6.9345882900e+10,2.1090307600e+04,2.0867713200e-05,7.3736539800e-01,1.7991184000e-02,1.9074372000e+04,3.8514767100e+33
9.9640467700e-01,6.9347554600e+10,2.1016422200e+04,2.0491775700e-05,7.3736539800e-01,1.7991184000e-02,1.8736834500e+04,3.8514767100e+33
9.9642858200e-01,6.9349218300e+10,2.0943007700e+04,2.0122440000e-05,7.3736539800e-01,1.7991184000e-02,1.8405212800e+04,3.8514767100e+33
9.9645237200e-01,6.9350874100e+10,2.0870059000e+04,1.9759523100e-05,7.3736539800e-01,1.7991184000e-02,1.8079381500e+04,3.8514767100e+33
9.9647604900e-01,6.9352522000e+10,2.0797571000e+04,1.9402855600e-05,7.3736539800e-01,1.7991184000e-02,1.7759221200e+04,3.8514767100e+33
9.9649961500e-01,6.9354162000e+10,2.0725538100e+04,1.9052280600e-05,7.3736539800e-01,1.7991184000e-02,1.7444617900e+04,3.8514767100e+33
9.9652306800e-01,6.9355794400e+10,2.0653954900e+04,1.8707652600e-05,7.3736539800e-01,1.7991184000e-02,1.7135462600e+04,3.8514767100e+33
9.9654641200e-01,6.9357419000e+10,2.0582815800e+04,1.8368836600e-05,7.3736539800e-01,1.7991184000e-02,1.6831651300e+04,3.8514767100e+33
9.9656964600e-01,6.9359036100e+10,2.0512115100e+04,1.8035707200e-05,7.3736539800e-01,1.7991184000e-02,1.6533084100e+04,3.8514767100e+33
9.9659277200e-01,6.9360645600e+10,2.0441847100e+04,1.7708170500e-05,7.3736539800e-01,1.7991184000e-02,1.6239675200e+04,3.8514767100e+33
9.9661579100e-01,6.9362247700e+10,2.0372006900e+04,1.7386680700e-05,7.3736539800e-01,1.7991184000e-02,1.5951584000e+04,3.8514767100e+33
9.9663870200e-01,6.9363842300e+10,2.0302590900e+04,1.7071276000e-05,7.3736539800e-01,1.7991184000e-02,1.5668784400e+04,3.8514767100e+33
9.9666150700e-01,6.9365429400e+10,2.0233595200e+04,1.6761731200e-05,7.3736539800e-01,1.7991184000e-02,1.5391132700e+04,3.8514767100e+33
9.9668420500e-01,6.9367009200e+10,2.0165015300e+04,1.6457840200e-05,7.3736539800e-01,1.7991184000e-02,1.5118493600e+04,3.8514767100e+33
9.9670679700e-01,6.9368581500e+10,2.0096846500e+04,1.6159414500e-05,7.3736539800e-01,1.7991184000e-02,1.4850740200e+04,3.8514767100e+33
9.9672928400e-01,6.9370146500e+10,2.0029083800e+04,1.5866282200e-05,7.3736539800e-01,1.7991184000e-02,1.4587752500e+04,3.8514767100e+33
9.9675166600e-01,6.9371704300e+10,1.9961721700e+04,1.5578320300e-05,7.3736539800e-01,1.7991184000e-02,1.4329432500e+04,3.8514767100e+33
9.9677394400e-01,6.9373254800e+10,1.9894756100e+04,1.5295525500e-05,7.3736539800e-01,1.7991184000e-02,1.4076383100e+04,3.8514767100e+33
9.9679611800e-01,6.9374798000e+10,1.9828182800e+04,1.5017747000e-05,7.3736539800e-01,1.7991184000e-02,1.3827909400e+04,3.8514767100e+33
9.9681818900e-01,6.9376334200e+10,1.9761997900e+04,1.4744827100e-05,7.3736539800e-01,1.7991184000e-02,1.3583795500e+04,3.8514767100e+33
9.9684015900e-01,6.9377863200e+10,1.9696196800e+04,1.4476620400e-05,7.3736539800e-01,1.7991184000e-02,1.3343936100e+04,3.8514767100e+33
9.9686202700e-01,6.9379385200e+10,1.9630774900e+04,1.4212993100e-05,7.3736539800e-01,1.7991184000e-02,1.3108231400e+04,3.8514767100e+33
9.9688379500e-01,6.9380900200e+10,1.9565727200e+04,1.3953822300e-05,7.3736539800e-01,1.7991184000e-02,1.2876586800e+04,3.8514767100e+33
9.9690546400e-01,6.9382408300e+10,1.9501048700e+04,1.3698994600e-05,7.3736539800e-01,1.7991184000e-02,1.2648912400e+04,3.8514767100e+33
9.9692703500e-01,6.9383909600e+10,1.9436734500e+04,1.3448481200e-05,7.3736539800e-01,1.7991184000e-02,1.2425155000e+04,3.8514767100e+33
9.9694850900e-01,6.9385404100e+10,1.9372780300e+04,1.3202366100e-05,7.3736539800e-01,1.7991184000e-02,1.2205310400e+04,3.8514767100e+33
9.9696988500e-01,6.9386891900e+10,1.9309183300e+04,1.2961031600e-05,7.3736539800e-01,1.7991184000e-02,1.1989499700e+04,3.8514767100e+33
9.9699116500e-01,6.9388372900e+10,1.9245940900e+04,1.2724353800e-05,7.3736539800e-01,1.7991184000e-02,1.1777633300e+04,3.8514767100e+33
9.9701234800e-01,6.9389847200e+10,1.9183050100e+04,1.2492146500e-05,7.3736539800e-01,1.7991184000e-02,1.1569595500e+04,3.8514767100e+33
9.9703343500e-01,6.9391314700e+10,1.9120507500e+04,1.2264240000e-05,7.3736539800e-01,1.7991184000e-02,1.1365278500e+04,3.8514767100e+33
9.9705442500e-01,6.9392775600e+10,1.9058309400e+04,1.2040479800e-05,7.3736539800e-01,1.7991184000e-02,1.1164580800e+04,3.8514767100e+33
9.9707531900e-01,6.9394229800e+10,1.8996451700e+04,1.1820724800e-05,7.3736539800e-01,1.7991184000e-02,1.0967407600e+04,3.8514767100e+33
9.9709611900e-01,6.9395677400e+10,1.8934930400e+04,1.1604909900e-05,7.3736539800e-01,1.7991184000e-02,1.0773695700e+04,3.8514767100e+33
9.9711682400e-01,6.9397118500e+10,1.8873741800e+04,1.1392962100e-05,7.3736539800e-01,1.7991184000e-02,1.0583380100e+04,3.8514767100e+33
9.9713743500e-01,6.9398552900e+10,1.8812882300e+04,1.1184765700e-05,7.3736539800e-01,1.7991184000e-02,1.0396379400e+04,3.8514767100e+33
9.9715795300e-01,6.9399980900e+10,1.8752348300e+04,1.0980214200e-05,7.3736539800e-01,1.7991184000e-02,1.0212616400e+04,3.8514767100e+33
9.9717837800e-01,6.9401402500e+10,1.8692135700e+04,1.0779209300e-05,7.3736539800e-01,1.7991184000e-02,1.0032018000e+04,3.8514767100e+33
9.9719871200e-01,6.9402817700e+10,1.8632240600e+04,1.0581660400e-05,7.3736539800e-01,1.7991184000e-02,9.8545147500e+03,3.8514767100e+33
9.9721895400e-01,6.9404226500e+10,1.8572659000e+04,1.0387483800e-05,7.3736539800e-01,1.7991184000e-02,9.6800407300e+03,3.8514767100e+33
9.9723910700e-01,6.9405629100e+10,1.8513386800e+04,1.0196602200e-05,7.3736539800e-01,1.7991184000e-02,9.5085330100e+03,3.8514767100e+33
9.9725917100e-01,6.9407025500e+10,1.8454420000e+04,1.0008974300e-05,7.3736539800e-01,1.7991184000e-02,9.3399437500e+03,3.8514767100e+33
9.9727914700e-01,6.9408415800e+10,1.8395755400e+04,9.8248405600e-06,7.3736539800e-01,1.7991184000e-02,9.1743365500e+03,3.8514767100e+33
9.9729903400e-01,6.9409799900e+10,1.8337390700e+04,9.6443668500e-06,7.3736539800e-01,1.7991184000e-02,9.0117464100e+03,3.8514767100e+33
9.9731883300e-01,6.9411177800e+10,1.8279323600e+04,9.4673987700e-06,7.3736539800e-01,1.7991184000e-02,8.8520831600e+03,3.8514767100e+33
9.9733854300e-01,6.9412549600e+10,1.8221551600e+04,9.2937949200e-06,7.3736539800e-01,1.7991184000e-02,8.6952622100e+03,3.8514767100e+33
9.9735816600e-01,6.9413915300e+10,1.8164071500e+04,9.1234269600e-06,7.3736539800e-01,1.7991184000e-02,8.5412045900e+03,3.8514767100e+33
9.9737770000e-01,6.9415274900e+10,1.8106880200e+04,8.9561781600e-06,7.3736539800e-01,1.7991184000e-02,8.3898363500e+03,3.8514767100e+33
9.9739714700e-01,6.9416628300e+10,1.8049974200e+04,8.7919422200e-06,7.3736539800e-01,1.7991184000e-02,8.2410881700e+03,3.8514767100e+33
9.9741650800e-01,6.9417975800e+10,1.7993350000e+04,8.6306227200e-06,7.3736539800e-01,1.7991184000e-02,8.0948950900e+03,3.8514767100e+33
9.9743578200e-01,6.9419317200e+10,1.7937004000e+04,8.4721849100e-06,7.3736539800e-01,1.7991184000e-02,7.9512163100e+03,3.8514767100e+33
9.9745497000e-01,6.9420652700e+10,1.7880933200e+04,8.3165788700e-06,7.3736539800e-01,1.7991184000e-02,7.8100064800e+03,3.8514767100e+33
9.9747407300e-01,6.9421982200e+10,1.7825134700e+04,8.1637257100e-06,7.3736539800e-01,1.7991184000e-02,7.6712099100e+03,3.8514767100e+33
9.9749309200e-01,6.9423305900e+10,1.7769605200e+04,8.0135527700e-06,7.3736539800e-01,1.7991184000e-02,7.5346321200e+03,3.8514767100e+33
9.9751202700e-01,6.9424623700e+10,1.7714341700e+04,7.8659928600e-06,7.3736539800e-01,1.7991184000e-02,7.3999237500e+03,3.8514767100e+33
9.9753088000e-01,6.9425935800e+10,1.7659341000e+04,7.7209838100e-06,7.3736539800e-01,1.7991184000e-02,7.2674999100e+03,3.8514767100e+33
9.9754965000e-01,6.9427242200e+10,1.7604599800e+04,7.5784679200e-06,7.3736539800e-01,1.7991184000e-02,7.1373168600e+03,3.8514767100e+33
9.9756833800e-01,6.9428542800e+10,1.7550114900e+04,7.4384312300e-06,7.3736539800e-01,1.7991184000e-02,7.0093472000e+03,3.8514767100e+33
9.9758694600e-01,6.9429837900e+10,1.7495883600e+04,7.3011149200e-06,7.3736539800e-01,1.7991184000e-02,6.8836568500e+03,3.8514767100e+33
9.9760547200e-01,6.9431127300e+10,1.7441903200e+04,7.1665129400e-06,7.3736539800e-01,1.7991184000e-02,6.7602212300e+03,3.8514767100e+33
9.9762391800e-01,6.9432411000e+10,1.7388171800e+04,7.0345431400e-06,7.3736539800e-01,1.7991184000e-02,6.6389887800e+03,3.8514767100e+33
9.9764228200e-01,6.9433689100e+10,1.7334686900e+04,6.9051006100e-06,7.3736539800e-01,1.7991184000e-02,6.5199000600e+03,3.8514767100e+33
9.9766056500e-01,6.9434961600e+10,1.7281446100e+04,6.7780902300e-06,7.3736539800e-01,1.7991184000e-02,6.4028995000e+03,3.8514767100e+33
9.9767876700e-01,6.9436228500e+10,1.7228446600e+04,6.6534255800e-06,7.3736539800e-01,1.7991184000e-02,6.2879350300e+03,3.8514767100e+33
9.9769688900e-01,6.9437489700e+10,1.7175685600e+04,6.5310279900e-06,7.3736539800e-01,1.7991184000e-02,6.1749577400e+03,3.8514767100e+33
9.9771493100e-01,6.9438745400e+10,1.7123160200e+04,6.4108256700e-06,7.3736539800e-01,1.7991184000e-02,6.0639215100e+03,3.8514767100e+33
9.9773289400e-01,6.9439995600e+10,1.7070867300e+04,6.2927530000e-06,7.3736539800e-01,1.7991184000e-02,5.9547828200e+03,3.8514767100e+33
9.9775077800e-01,6.9441240300e+10,1.7018803800e+04,6.1767498700e-06,7.3736539800e-01,1.7991184000e-02,5.8475004400e+03,3.8514767100e+33
9.9776858400e-01,6.9442479500e+10,1.6966966600e+04,6.0627743000e-06,7.3736539800e-01,1.7991184000e-02,5.7420398900e+03,3.8514767100e+33
9.9778631300e-01,6.9443713400e+10,1.6915353100e+04,5.9508221900e-06,7.3736539800e-01,1.7991184000e-02,5.6383805800e+03,3.8514767100e+33
9.9780396500e-01,6.9444941900e+10,1.6863960800e+04,5.8408489200e-06,7.3736539800e-01,1.7991184000e-02,5.5364884000e+03,3.8514767100e+33
9.9782154000e-01,6.9446165100e+10,1.6812787300e+04,5.7328091100e-06,7.3736539800e-01,1.7991184000e-02,5.4363292700e+03,3.8514767100e+33
9.9783904000e-01,6.9447383100e+10,1.6761830100e+04,5.6266604900e-06,7.3736539800e-01,1.7991184000e-02,5.3378705000e+03,3.8514767100e+33
9.9785646500e-01,6.9448595800e+10,1.6711086800e+04,5.5225099000e-06,7.3736539800e-01,1.7991184000e-02,5.2411301900e+03,3.8514767100e+33
9.9787381400e-01,6.9449803300e+10,1.6660555200e+04,5.4204473600e-06,7.3736539800e-01,1.7991184000e-02,5.1461203400e+03,3.8514767100e+33
9.9789108900e-01,6.9451005600e+10,1.6610232900e+04,5.3203815600e-06,7.3736539800e-01,1.7991184000e-02,5.0527914400e+03,3.8514767100e+33
9.9790828800e-01,6.9452202600e+10,1.6560117300e+04,5.2222298700e-06,7.3736539800e-01,1.7991184000e-02,4.9610973100e+03,3.8514767100e+33
9.9792541200e-01,6.9453394400e+10,1.6510205800e+04,5.1259177400e-06,7.3736539800e-01,1.7991184000e-02,4.8709948500e+03,3.8514767100e+33
9.9794246100e-01,6.9454581000e+10,1.6460495500e+04,5.0313946200e-06,7.3736539800e-01,1.7991184000e-02,4.7824493900e+03,3.8514767100e+33
9.9795943600e-01,6.9455762400e+10,1.6410984100e+04,4.9386342300e-06,7.3736539800e-01,1.7991184000e-02,4.6954349900e+03,3.8514767100e+33
9.9797633600e-01,6.9456938600e+10,1.6361669100e+04,4.8475808000e-06,7.3736539800e-01,1.7991184000e-02,4.6099164900e+03,3.8514767100e+33
9.9799316300e-01,6.9458109700e+10,1.6312548200e+04,4.7581824400e-06,7.3736539800e-01,1.7991184000e-02,4.5258602800e+03,3.8514767100e+33
9.9800991600e-01,6.9459275700e+10,1.6263619100e+04,4.6703916500e-06,7.3736539800e-01,1.7991184000e-02,4.4432345600e+03,3.8514767100e+33
9.9802659600e-01,6.9460436600e+10,1.6214879100e+04,4.5841648500e-06,7.3736539800e-01,1.7991184000e-02,4.3620090900e+03,3.8514767100e+33
9.9804320400e-01,6.9461592400e+10,1.6166325800e+04,4.4994619100e-06,7.3736539800e-01,1.7991184000e-02,4.2821550900e+03,3.8514767100e+33
9.9805974000e-01,6.9462743300e+10,1.6117956800e+04,4.4162457700e-06,7.3736539800e-01,1.7991184000e-02,4.2036450600e+03,3.8514767100e+33
9.9807620500e-01,6.9463889200e+10,1.6069769400e+04,4.3344820900e-06,7.3736539800e-01,1.7991184000e-02,4.1264526700e+03,3.8514767100e+33
9.9809259900e-01,6.9465030200e+10,1.6021761300e+04,4.2541389100e-06,7.3736539800e-01,1.7991184000e-02,4.0505526300e+03,3.8514767100e+33
9.9810892300e-01,6.9466166400e+10,1.5973929800e+04,4.1752267300e-06,7.3736539800e-01,1.7991184000e-02,3.9759332500e+03,3.8514767100e+33
9.9812517800e-01,6.9467297600e+10,1.5926272900e+04,4.0979121300e-06,7.3736539800e-01,1.7991184000e-02,3.9026317200e+03,3.8514767100e+33
9.9814136200e-01,6.9468424000e+10,1.5878788400e+04,4.0221554500e-06,7.3736539800e-01,1.7991184000e-02,3.8306204900e+03,3.8514767100e+33
9.9815747600e-01,6.9469545600e+10,1.5831474300e+04,3.9478909100e-06,7.3736539800e-01,1.7991184000e-02,3.7601455800e+03,3.8514767100e+33
9.9817352000e-01,6.9470662200e+10,1.5784328200e+04,3.8750593400e-06,7.3736539800e-01,1.7991184000e-02,3.6911697200e+03,3.8514767100e+33
9.9818949400e-01,6.9471773900e+10,1.5737347700e+04,3.8036073000e-06,7.3736539800e-01,1.7991184000e-02,3.6233387100e+03,3.8514767100e+33
9.9820539900e-01,6.9472880800e+10,1.5690530400e+04,3.7334864600e-06,7.3736539800e-01,1.7991184000e-02,3.5566238600e+03,3.8514767100e+33
9.9822123300e-01,6.9473982900e+10,1.5643873700e+04,3.6646529500e-06,7.3736539800e-01,1.7991184000e-02,3.4909983000e+03,3.8514767100e+33
9.9823699800e-01,6.9475080100e+10,1.5597375200e+04,3.5970668100e-06,7.3736539800e-01,1.7991184000e-02,3.4264368400e+03,3.8514767100e+33
9.9825269500e-01,6.9476172500e+10,1.5551032100e+04,3.5306915700e-06,7.3736539800e-01,1.7991184000e-02,3.3629157900e+03,3.8514767100e+33
9.9826832300e-01,6.9477260200e+10,1.5504842000e+04,3.4654938100e-06,7.3736539800e-01,1.7991184000e-02,3.3004128300e+03,3.8514767100e+33
9.9828388300e-01,6.9478343200e+10,1.5458802300e+04,3.4014565400e-06,7.3736539800e-01,1.7991184000e-02,3.2389108700e+03,3.8514767100e+33
9.9829937600e-01,6.9479421500e+10,1.5412911000e+04,3.3385717900e-06,7.3736539800e-01,1.7991184000e-02,3.1783961200e+03,3.8514767100e+33
9.9831480200e-01,6.9480495100e+10,1.5367165900e+04,3.2768134700e-06,7.3736539800e-01,1.7991184000e-02,3.1188500700e+03,3.8514767100e+33
9.9833016200e-01,6.9481564100e+10,1.5321565200e+04,3.2161571700e-06,7.3736539800e-01,1.7991184000e-02,3.0602550300e+03,3.8514767100e+33
9.9834545500e-01,6.9482628500e+10,1.5276106800e+04,3.1565808400e-06,7.3736539800e-01,1.7991184000e-02,3.0025943300e+03,3.8514767100e+33
9.9836068300e-01,6.9483688300e+10,1.5230788600e+04,3.0981625800e-06,7.3736539800e-01,1.7991184000e-02,2.9458797400e+03,3.8514767100e+33
9.9837584500e-01,6.9484743500e+10,1.5185608200e+04,3.0409260100e-06,7.3736539800e-01,1.7991184000e-02,2.8901072900e+03,3.8514767100e+33
9.9839094100e-01,6.9485794200e+10,1.5140562900e+04,2.9848198500e-06,7.3736539800e-01,1.7991184000e-02,2.8352521500e+03,3.8514767100e+33
9.9840597100e-01,6.9486840200e+10,1.5095650300e+04,2.9297980300e-06,7.3736539800e-01,1.7991184000e-02,2.7812913000e+03,3.8514767100e+33
9.9842093500e-01,6.9487881700e+10,1.5050867400e+04,2.8758191300e-06,7.3736539800e-01,1.7991184000e-02,2.7282034000e+03,3.8514767100e+33
9.9843583400e-01,6.9488918600e+10,1.5006211700e+04,2.8228457000e-06,7.3736539800e-01,1.7991184000e-02,2.6759686100e+03,3.8514767100e+33
9.9845066700e-01,6.9489951000e+10,1.4961680300e+04,2.7708536100e-06,7.3736539800e-01,1.7991184000e-02,2.6245711100e+03,3.8514767100e+33
9.9846543500e-01,6.9490978800e+10,1.4917271000e+04,2.7198285200e-06,7.3736539800e-01,1.7991184000e-02,2.5739983100e+03,3.8514767100e+33
9.9848013700e-01,6.9492002000e+10,1.4872981500e+04,2.6697428400e-06,7.3736539800e-01,1.7991184000e-02,2.5242343800e+03,3.8514767100e+33
9.9849477500e-01,6.9493020800e+10,1.4828809400e+04,2.6205710700e-06,7.3736539800e-01,1.7991184000e-02,2.4752643100e+03,3.8514767100e+33
9.9850934900e-01,6.9494035100e+10,1.4784752600e+04,2.5722898200e-06,7.3736539800e-01,1.7991184000e-02,2.4270739500e+03,3.8514767100e+33
9.9852385900e-01,6.9495045000e+10,1.4740808800e+04,2.5248774600e-06,7.3736539800e-01,1.7991184000e-02,2.3796498700e+03,3.8514767100e+33
9.9853830500e-01,6.9496050400e+10,1.4696975800e+04,2.4783139900e-06,7.3736539800e-01,1.7991184000e-02,2.3329793300e+03,3.8514767100e+33
9.9855268800e-01,6.9497051400e+10,1.4653251400e+04,2.4325807500e-06,7.3736539800e-01,1.7991184000e-02,2.2870501600e+03,3.8514767100e+33
9.9856700900e-01,6.9498048100e+10,1.4609633300e+04,2.3876602800e-06,7.3736539800e-01,1.7991184000e-02,2.2418507400e+03,3.8514767100e+33
9.9858126700e-01,6.9499040500e+10,1.4566119400e+04,2.3435613900e-06,7.3736539800e-01,1.7991184000e-02,2.1973765500e+03,3.8514767100e+33
9.9859546300e-01,6.9500028500e+10,1.4522707000e+04,2.3003493700e-06,7.3736539800e-01,1.7991184000e-02,2.1536375800e+03,3.8514767100e+33
9.9860959700e-01,6.9501012200e+10,1.4479392900e+04,2.2579958500e-06,7.3736539800e-01,1.7991184000e-02,2.1106188700e+03,3.8514767100e+33
9.9862366800e-01,6.9501991500e+10,1.4436174200e+04,2.2164799700e-06,7.3736539800e-01,1.7991184000e-02,2.0683077800e+03,3.8514767100e+33
9.9863767700e-01,6.9502966500e+10,1.4393048100e+04,2.1757944900e-06,7.3736539800e-01,1.7991184000e-02,2.0266954900e+03,3.8514767100e+33
9.9865162300e-01,6.9503937100e+10,1.4350012000e+04,2.1358661000e-06,7.3736539800e-01,1.7991184000e-02,1.9857563600e+03,3.8514767100e+33
9.9866550700e-01,6.9504903400e+10,1.4307063000e+04,2.0966924400e-06,7.3736539800e-01,1.7991184000e-02,1.9454833900e+03,3.8514767100e+33
9.9867932900e-01,6.9505865300e+10,1.4264198500e+04,2.0582500600e-06,7.3736539800e-01,1.7991184000e-02,1.9058642700e+03,3.8514767100e+33
9.9869308900e-01,6.9506823000e+10,1.4221415800e+04,2.0205176300e-06,7.3736539800e-01,1.7991184000e-02,1.8668874800e+03,3.8514767100e+33
9.9870678700e-01,6.9507776300e+10,1.4178712200e+04,1.9834756100e-06,7.3736539800e-01,1.7991184000e-02,1.8285421100e+03,3.8514767100e+33
9.9872042300e-01,6.9508725400e+10,1.4136085100e+04,1.9471060300e-06,7.3736539800e-01,1.7991184000e-02,1.7908178600e+03,3.8514767100e+33
9.9873399900e-01,6.9509670200e+10,1.4093531900e+04,1.9113922800e-06,7.3736539800e-01,1.7991184000e-02,1.7539816000e+03,3.8514767100e+33
9.9874751400e-01,6.9510610800e+10,1.4051050100e+04,1.8763189700e-06,7.3736539800e-01,1.7991184000e-02,1.7178332500e+03,3.8514767100e+33
9.9876096800e-01,6.9511547200e+10,1.4008637000e+04,1.8418717200e-06,7.3736539800e-01,1.7991184000e-02,1.6822684200e+03,3.8514767100e+33
9.9877436200e-01,6.9512479500e+10,1.3966290300e+04,1.8080415400e-06,7.3736539800e-01,1.7991184000e-02,1.6472781200e+03,3.8514767100e+33
9.9878769700e-01,6.9513407500e+10,1.3924007500e+04,1.7748069700e-06,7.3736539800e-01,1.7991184000e-02,1.6128505800e+03,3.8514767100e+33
9.9880097300e-01,6.9514331500e+10,1.3881786200e+04,1.7422616200e-06,7.3736539800e-01,1.7991184000e-02,1.5790018200e+03,3.8514767100e+33
9.9881418900e-01,6.9515251300e+10,1.3839622800e+04,1.7103618100e-06,7.3736539800e-01,1.7991184000e-02,1.5457139300e+03,3.8514767100e+33
9.9882734500e-01,6.9516166900e+10,1.3797513900e+04,1.6790994200e-06,7.3736539800e-01,1.7991184000e-02,1.5129777400e+03,3.8514767100e+33
9.9884044100e-01,6.9517078400e+10,1.3755455800e+04,1.6484500500e-06,7.3736539800e-01,1.7991184000e-02,1.4807804300e+03,3.8514767100e+33
9.9885347700e-01,6.9517985700e+10,1.3713445000e+04,1.6183917800e-06,7.3736539800e-01,1.7991184000e-02,1.4491100400e+03,3.8514767100e+33
9.9886645300e-01,6.9518888800e+10,1.3671478100e+04,1.5889048100e-06,7.3736539800e-01,1.7991184000e-02,1.4179553900e+03,3.8514767100e+33
9.9887937000e-01,6.9519787700e+10,1.3629551800e+04,1.5599711600e-06,7.3736539800e-01,1.7991184000e-02,1.3873059800e+03,3.8514767100e+33
9.9889222700e-01,6.9520682500e+10,1.3587662600e+04,1.5315744900e-06,7.3736539800e-01,1.7991184000e-02,1.3571519200e+03,3.8514767100e+33
9.9890502400e-01,6.9521573200e+10,1.3545807200e+04,1.5036998000e-06,7.3736539800e-01,1.7991184000e-02,1.3274838700e+03,3.8514767100e+33
9.9891776300e-01,6.9522459800e+10,1.3503982500e+04,1.4763333000e-06,7.3736539800e-01,1.7991184000e-02,1.2982929700e+03,3.8514767100e+33
9.9893044200e-01,6.9523342200e+10,1.3462185200e+04,1.4494660300e-06,7.3736539800e-01,1.7991184000e-02,1.2695716800e+03,3.8514767100e+33
9.9894306300e-01,6.9524220600e+10,1.3420412100e+04,1.4230920300e-06,7.3736539800e-01,1.7991184000e-02,1.2413132600e+03,3.8514767100e+33
9.9895562500e-01,6.9525094900e+10,1.3378660300e+04,1.3972010500e-06,7.3736539800e-01,1.7991184000e-02,1.2135102100e+03,3.8514767100e+33
9.9896812900e-01,6.9525965200e+10,1.3336926700e+04,1.3717834200e-06,7.3736539800e-01,1.7991184000e-02,1.1861552900e+03,3.8514767100e+33
9.9898057600e-01,6.9526831400e+10,1.3295208200e+04,1.3468300400e-06,7.3736539800e-01,1.7991184000e-02,1.1592415800e+03,3.8514767100e+33
9.9899296400e-01,6.9527693700e+10,1.3253501800e+04,1.3223381200e-06,7.3736539800e-01,1.7991184000e-02,1.1327636100e+03,3.8514767100e+33
9.9900529500e-01,6.9528551900e+10,1.3211803700e+04,1.2983397900e-06,7.3736539800e-01,1.7991184000e-02,1.1067229400e+03,3.8514767100e+33
9.9901756800e-01,6.9529406100e+10,1.3170108900e+04,1.2748251500e-06,7.3736539800e-01,1.7991184000e-02,1.0811117200e+03,3.8514767100e+33
9.9902978400e-01,6.9530256200e+10,1.3128412700e+04,1.2517755800e-06,7.3736539800e-01,1.7991184000e-02,1.0559204600e+03,3.8514767100e+33
9.9904194000e-01,6.9531102300e+10,1.3086710300e+04,1.2291743000e-06,7.3736539800e-01,1.7991184000e-02,1.0311403700e+03,3.8514767100e+33
9.9905403900e-01,6.9531944300e+10,1.3044997200e+04,1.2070061600e-06,7.3736539800e-01,1.7991184000e-02,1.0067632700e+03,3.8514767100e+33
9.9906608000e-01,6.9532782300e+10,1.3003268800e+04,1.1852573700e-06,7.3736539800e-01,1.7991184000e-02,9.8278150800e+02,3.8514767100e+33
9.9907806300e-01,6.9533616300e+10,1.2961520500e+04,1.1639177400e-06,7.3736539800e-01,1.7991184000e-02,9.5918838700e+02,3.8514767100e+33
9.9908998800e-01,6.9534446300e+10,1.2919747800e+04,1.1429793600e-06,7.3736539800e-01,1.7991184000e-02,9.3597778400e+02,3.8514767100e+33
9.9910185500e-01,6.9535272200e+10,1.2877946000e+04,1.1224324600e-06,7.3736539800e-01,1.7991184000e-02,9.1314337000e+02,3.8514767100e+33
9.9911366400e-01,6.9536094100e+10,1.2836110700e+04,1.1022679700e-06,7.3736539800e-01,1.7991184000e-02,8.9067916500e+02,3.8514767100e+33
9.9912541600e-01,6.9536912000e+10,1.2794237300e+04,1.0824774700e-06,7.3736539800e-01,1.7991184000e-02,8.6857950200e+02,3.8514767100e+33
9.9913711100e-01,6.9537726000e+10,1.2752321500e+04,1.0630531100e-06,7.3736539800e-01,1.7991184000e-02,8.4683899900e+02,3.8514767100e+33
9.9914874900e-01,6.9538535900e+10,1.2710358700e+04,1.0439874700e-06,7.3736539800e-01,1.7991184000e-02,8.2545253000e+02,3.8514767100e+33
9.9916032900e-01,6.9539341900e+10,1.2668344600e+04,1.0252735600e-06,7.3736539800e-01,1.7991184000e-02,8.0441519800e+02,3.8514767100e+33
9.9917185300e-01,6.9540143900e+10,1.2626274900e+04,1.0069046900e-06,7.3736539800e-01,1.7991184000e-02,7.8372231500e+02,3.8514767100e+33
9.9918332000e-01,6.9540942000e+10,1.2584145100e+04,9.8888151300e-07,7.3736539800e-01,1.7991184000e-02,7.6328306700e+02,3.8514767100e+33
9.9919473000e-01,6.9541736100e+10,1.2541949300e+04,9.7122266600e-07,7.3736539800e-01,1.7991184000e-02,7.4257418300e+02,3.8514767100e+33
9.9920608400e-01,6.9542526300e+10,1.2499680500e+04,9.5391743000e-07,7.3736539800e-01,1.7991184000e-02,7.2224425400e+02,3.8514767100e+33
9.9921738000e-01,6.9543312500e+10,1.2457331900e+04,9.3695429600e-07,7.3736539800e-01,1.7991184000e-02,7.0228808900e+02,3.8514767100e+33
9.9922861900e-01,6.9544094700e+10,1.2414896200e+04,9.2032347900e-07,7.3736539800e-01,1.7991184000e-02,6.8270071300e+02,3.8514767100e+33
9.9923980100e-01,6.9544872900e+10,1.2372366200e+04,9.0401523400e-07,7.3736539800e-01,1.7991184000e-02,6.6347721200e+02,3.8514767100e+33
9.9925092500e-01,6.9545647200e+10,1.2329734500e+04,8.8802069600e-07,7.3736539800e-01,1.7991184000e-02,6.4461292000e+02,3.8514767100e+33
9.9926199200e-01,6.9546417400e+10,1.2286994000e+04,8.7233176600e-07,7.3736539800e-01,1.7991184000e-02,6.2610338200e+02,3.8514767100e+33
9.9927300200e-01,6.9547183700e+10,1.2244137600e+04,8.5694099600e-07,7.3736539800e-01,1.7991184000e-02,6.0794433000e+02,3.8514767100e+33
9.9928395500e-01,6.9547945900e+10,1.2201158200e+04,8.4184149200e-07,7.3736539800e-01,1.7991184000e-02,5.9013165600e+02,3.8514767100e+33
9.9929485000e-01,6.9548704200e+10,1.2158048600e+04,8.2702684100e-07,7.3736539800e-01,1.7991184000e-02,5.7266139000e+02,3.8514767100e+33
9.9930568800e-01,6.9549458500e+10,1.2114801900e+04,8.1249103200e-07,7.3736539800e-01,1.7991184000e-02,5.5552967900e+02,3.8514767100e+33
9.9931646900e-01,6.9550208900e+10,1.2071410900e+04,7.9822839600e-07,7.3736539800e-01,1.7991184000e-02,5.3873277700e+02,3.8514767100e+33
9.9932719300e-01,6.9550955200e+10,1.2027868400e+04,7.8423355200e-07,7.3736539800e-01,1.7991184000e-02,5.2226702700e+02,3.8514767100e+33
9.9933786000e-01,6.9551697600e+10,1.1984167300e+04,7.7050137300e-07,7.3736539800e-01,1.7991184000e-02,5.0612885100e+02,3.8514767100e+33
9.9934847000e-01,6.9552436100e+10,1.1940299800e+04,7.5702736100e-07,7.3736539800e-01,1.7991184000e-02,4.9031466300e+02,3.8514767100e+33
9.9935902300e-01,6.9553170600e+10,1.1896257600e+04,7.4380988300e-07,7.3736539800e-01,1.7991184000e-02,4.7482112100e+02,3.8514767100e+33
9.9936952000e-01,6.9553901100e+10,1.1852030500e+04,7.3086060100e-07,7.3736539800e-01,1.7991184000e-02,4.5964628600e+02,3.8514767100e+33
9.9937995900e-01,6.9554627600e+10,1.1807606500e+04,7.1817439700e-07,7.3736539800e-01,1.7991184000e-02,4.4478540800e+02,3.8514767100e+33
9.9939034000e-01,6.9555350100e+10,1.1762974100e+04,7.0574310400e-07,7.3736539800e-01,1.7991184000e-02,4.3023354400e+02,3.8514767100e+33
9.9940066400e-01,6.9556068600e+10,1.1718121500e+04,6.9355905600e-07,7.3736539800e-01,1.7991184000e-02,4.1598605900e+02,3.8514767100e+33
9.9941093000e-01,6.9556783100e+10,1.1673036500e+04,6.8161506800e-07,7.3736539800e-01,1.7991184000e-02,4.0203840000e+02,3.8514767100e+33
9.9942113800e-01,6.9557493600e+10,1.1627706400e+04,6.6990535100e-07,7.3736539800e-01,1.7991184000e-02,3.8838629400e+02,3.8514767100e+33
9.9943128800e-01,6.9558200000e+10,1.1582118500e+04,6.5842461600e-07,7.3736539800e-01,1.7991184000e-02,3.7502572600e+02,3.8514767100e+33
9.9944138100e-01,6.9558902400e+10,1.1536260300e+04,6.4716796100e-07,7.3736539800e-01,1.7991184000e-02,3.6195292200e+02,3.8514767100e+33
9.9945141400e-01,6.9559600800e+10,1.1490118900e+04,6.3613077200e-07,7.3736539800e-01,1.7991184000e-02,3.4916431300e+02,3.8514767100e+33
9.9946139000e-01,6.9560295100e+10,1.1443681200e+04,6.2530775400e-07,7.3736539800e-01,1.7991184000e-02,3.3665630200e+02,3.8514767100e+33
9.9947130700e-01,6.9560985300e+10,1.1396932900e+04,6.1469476600e-07,7.3736539800e-01,1.7991184000e-02,3.2442534800e+02,3.8514767100e+33
9.9948116600e-01,6.9561671400e+10,1.1349859400e+04,6.0428842800e-07,7.3736539800e-01,1.7991184000e-02,3.1246813100e+02,3.8514767100e+33
9.9949096700e-01,6.9562353500e+10,1.1302446000e+04,5.9408552300e-07,7.3736539800e-01,1.7991184000e-02,3.0078149500e+02,3.8514767100e+33
9.9950070800e-01,6.9563031500e+10,1.1254677700e+04,5.8408296000e-07,7.3736539800e-01,1.7991184000e-02,2.8936243800e+02,3.8514767100e+33
9.9951039100e-01,6.9563705400e+10,1.1206539200e+04,5.7427684900e-07,7.3736539800e-01,1.7991184000e-02,2.7819038200e+02,3.8514767100e+33
9.9952001500e-01,6.9564375200e+10,1.1158013400e+04,5.6466326100e-07,7.3736539800e-01,1.7991184000e-02,2.6723783700e+02,3.8514767100e+33
9.9952958000e-01,6.9565040900e+10,1.1109082100e+04,5.5524317100e-07,7.3736539800e-01,1.7991184000e-02,2.5654855700e+02,3.8514767100e+33
9.9953908600e-01,6.9565702500e+10,1.1059723500e+04,5.4602102300e-07,7.3736539800e-01,1.7991184000e-02,2.4612017900e+02,3.8514767100e+33
9.9954853200e-01,6.9566359900e+10,1.1009914600e+04,5.3699240300e-07,7.3736539800e-01,1.7991184000e-02,2.3594932500e+02,3.8514767100e+33
9.9955791800e-01,6.9567013200e+10,1.0959631700e+04,5.2815201900e-07,7.3736539800e-01,1.7991184000e-02,2.2603273400e+02,3.8514767100e+33
9.9956724400e-01,6.9567662200e+10,1.0908849200e+04,5.1949428000e-07,7.3736539800e-01,1.7991184000e-02,2.1636702800e+02,3.8514767100e+33
9.9957650900e-01,6.9568307100e+10,1.0857540300e+04,5.1101599600e-07,7.3736539800e-01,1.7991184000e-02,2.0694914800e+02,3.8514767100e+33
9.9958571300e-01,6.9568947700e+10,1.0805677800e+04,5.0271433000e-07,7.3736539800e-01,1.7991184000e-02,1.9777628300e+02,3.8514767100e+33
9.9959485600e-01,6.9569584000e+10,1.0753234200e+04,4.9458669400e-07,7.3736539800e-01,1.7991184000e-02,1.8884584600e+02,3.8514767100e+33
9.9960393800e-01,6.9570216100e+10,1.0700181000e+04,4.8662913500e-07,7.3736539800e-01,1.7991184000e-02,1.8015523800e+02,3.8514767100e+33
9.9961295800e-01,6.9570843800e+10,1.0646486400e+04,4.7883776800e-07,7.3736539800e-01,1.7991184000e-02,1.7170166300e+02,3.8514767100e+33
9.9962191600e-01,6.9571467300e+10,1.0592117300e+04,4.7121103700e-07,7.3736539800e-01,1.7991184000e-02,1.6348259500e+02,3.8514767100e+33
9.9963081100e-01,6.9572086400e+10,1.0537039700e+04,4.6374753200e-07,7.3736539800e-01,1.7991184000e-02,1.5549570300e+02,3.8514767100e+33
9.9963964400e-01,6.9572701100e+10,1.0481218600e+04,4.5644572500e-07,7.3736539800e-01,1.7991184000e-02,1.4773881000e+02,3.8514767100e+33
9.9964841300e-01,6.9573311400e+10,1.0424616600e+04,4.4930138600e-07,7.3736539800e-01,1.7991184000e-02,1.4020945400e+02,3.8514767100e+33
9.9965711800e-01,6.9573917300e+10,1.0367191800e+04,4.4231292200e-07,7.3736539800e-01,1.7991184000e-02,1.3290518200e+02,3.8514767100e+33
9.9966576000e-01,6.9574518700e+10,1.0308900900e+04,4.3547986800e-07,7.3736539800e-01,1.7991184000e-02,1.2582377300e+02,3.8514767100e+33
9.9967433700e-01,6.9575115700e+10,1.0249699100e+04,4.2880186500e-07,7.3736539800e-01,1.7991184000e-02,1.1896318400e+02,3.8514767100e+33
9.9968284900e-01,6.9575708100e+10,1.0189539200e+04,4.2227603300e-07,7.3736539800e-01,1.7991184000e-02,1.1232125600e+02,3.8514767100e+33
9.9969129500e-01,6.9576296000e+10,1.0128367100e+04,4.1590178300e-07,7.3736539800e-01,1.7991184000e-02,1.0589561800e+02,3.8514767100e+33
9.9969967600e-01,6.9576879200e+10,1.0066121100e+04,4.0968151100e-07,7.3736539800e-01,1.7991184000e-02,9.9683805900e+01,3.8514767100e+33
9.9970798900e-01,6.9577457800e+10,1.0002736800e+04,4.0361495200e-07,7.3736539800e-01,1.7991184000e-02,9.3683368100e+01,3.8514767100e+33
9.9971623500e-01,6.9578031700e+10,9.9381462900e+03,3.9769935400e-07,7.3736539800e-01,1.7991184000e-02,8.7794875500e+01,3.8514767100e+33
9.9972441200e-01,6.9578600800e+10,9.8722739700e+03,3.9193593800e-07,7.3736539800e-01,1.7991184000e-02,8.2109695600e+01,3.8514767100e+33
9.9973252000e-01,6.9579165100e+10,9.8050395600e+03,3.8631748600e-07,7.3736539800e-01,1.7991184000e-02,7.6631173900e+01,3.8514767100e+33
9.9974055800e-01,6.9579724500e+10,9.7363601000e+03,3.8084981000e-07,7.3736539800e-01,1.7991184000e-02,7.1359289100e+01,3.8514767100e+33
9.9974852600e-01,6.9580279100e+10,9.6661469900e+03,3.7553000700e-07,7.3736539800e-01,1.7991184000e-02,6.6293545100e+01,3.8514767100e+33
9.9975642100e-01,6.9580828600e+10,9.5943009700e+03,3.7035823000e-07,7.3736539800e-01,1.7991184000e-02,6.1433318700e+01,3.8514767100e+33
9.9976424400e-01,6.9581373000e+10,9.5207171100e+03,3.6533744400e-07,7.3736539800e-01,1.7991184000e-02,5.6778204200e+01,3.8514767100e+33
9.9977199400e-01,6.9581912400e+10,9.4452852000e+03,3.6046895200e-07,7.3736539800e-01,1.7991184000e-02,5.2327799700e+01,3.8514767100e+33
9.9977966800e-01,6.9582446500e+10,9.3678826800e+03,3.5575092900e-07,7.3736539800e-01,1.7991184000e-02,4.8081278100e+01,3.8514767100e+33
9.9978726600e-01,6.9582975300e+10,9.2883763800e+03,3.5118780300e-07,7.3736539800e-01,1.7991184000e-02,4.4037938100e+01,3.8514767100e+33
9.9979478700e-01,6.9583498700e+10,9.2066263900e+03,3.4678366800e-07,7.3736539800e-01,1.7991184000e-02,4.0197101500e+01,3.8514767100e+33
9.9980222900e-01,6.9584016700e+10,9.1224800600e+03,3.4253744900e-07,7.3736539800e-01,1.7991184000e-02,3.6557660100e+01,3.8514767100e+33
9.9980959100e-01,6.9584529000e+10,9.0357698800e+03,3.3845507300e-07,7.3736539800e-01,1.7991184000e-02,3.3118463800e+01,3.8514767100e+33
9.9981687000e-01,6.9585035700e+10,8.9463182900e+03,3.3454266200e-07,7.3736539800e-01,1.7991184000e-02,2.9878250600e+01,3.8514767100e+33
9.9982406600e-01,6.9585536500e+10,8.8539335100e+03,3.3080105800e-07,7.3736539800e-01,1.7991184000e-02,2.6841234500e+01,3.8514767100e+33
9.9983117600e-01,6.9586031400e+10,8.7584081700e+03,3.2723940800e-07,7.3736539800e-01,1.7991184000e-02,2.4001506200e+01,3.8514767100e+33
9.9983819900e-01,6.9586520100e+10,8.6595223100e+03,3.2386415500e-07,7.3736539800e-01,1.7991184000e-02,2.1352802900e+01,3.8514767100e+33
9.9984513100e-01,6.9587002600e+10,8.5570443100e+03,3.2068063400e-07,7.3736539800e-01,1.7991184000e-02,1.8892400800e+01,3.8514767100e+33
9.9985197200e-01,6.9587478700e+10,8.4507291300e+03,3.1770157600e-07,7.3736539800e-01,1.7991184000e-02,1.6617352200e+01,3.8514767100e+33
9.9985871700e-01,6.9587948100e+10,8.3403301300e+03,3.1493228900e-07,7.3736539800e-01,1.7991184000e-02,1.4524290800e+01,3.8514767100e+33
9.9986536500e-01,6.9588410800e+10,8.2256021200e+03,3.1238704000e-07,7.3736539800e-01,1.7991184000e-02,1.2609600200e+01,3.8514767100e+33
9.9987191200e-01,6.9588866500e+10,8.1063138400e+03,3.1007395300e-07,7.3736539800e-01,1.7991184000e-02,1.0869091000e+01,3.8514767100e+33
9.9987835600e-01,6.9589315000e+10,7.9822862700e+03,3.0800547800e-07,7.3736539800e-01,1.7991184000e-02,9.2983589800e+00,3.8514767100e+33
9.9988469300e-01,6.9589756000e+10,7.8534094900e+03,3.0618909100e-07,7.3736539800e-01,1.7991184000e-02,7.8939194600e+00,3.8514767100e+33
9.9989092000e-01,6.9590189400e+10,7.7197319600e+03,3.0463116000e-07,7.3736539800e-01,1.7991184000e-02,6.6483749100e+00,3.8514767100e+33
9.9989703500e-01,6.9590614900e+10,7.5815148800e+03,3.0332756500e-07,7.3736539800e-01,1.7991184000e-02,5.5548321200e+00,3.8514767100e+33
9.9990303300e-01,6.9591032400e+10,7.4393954800e+03,3.0226455200e-07,7.3736539800e-01,1.7991184000e-02,4.6069981000e+00,3.8514767100e+33
9.9990891300e-01,6.9591441700e+10,7.2945318700e+03,3.0140236800e-07,7.3736539800e-01,1.7991184000e-02,3.7977704700e+00,3.8514767100e+33
9.9991467500e-01,6.9591842700e+10,7.1487972200e+03,3.0067499800e-07,7.3736539800e-01,1.7991184000e-02,3.1190809500e+00,3.8514767100e+33
9.9992031900e-01,6.9592235500e+10,7.0049142300e+03,2.9997133200e-07,7.3736539800e-01,1.7991184000e-02,2.5566209600e+00,3.8514767100e+33
9.9992584800e-01,6.9592620300e+10,6.8663882600e+03,2.9914167500e-07,7.3736539800e-01,1.7991184000e-02,2.1025736200e+00,3.8514767100e+33
9.9993126900e-01,6.9592997600e+10,6.7367160900e+03,2.9802572500e-07,7.3736539800e-01,1.7991184000e-02,1.7478594600e+00,3.8514767100e+33
9.9993659000e-01,6.9593367900e+10,6.6182839400e+03,2.9650482200e-07,7.3736539800e-01,1.7991184000e-02,1.4748183900e+00,3.8514767100e+33
9.9994182000e-01,6.9593731900e+10,6.5117333500e+03,2.9453671000e-07,7.3736539800e-01,1.7991184000e-02,1.2649971900e+00,3.8514767100e+33
9.9994697000e-01,6.9594090300e+10,6.4162703600e+03,2.9214658700e-07,7.3736539800e-01,1.7991184000e-02,1.1021080900e+00,3.8514767100e+33
9.9995204700e-01,6.9594443700e+10,6.3304774100e+03,2.8939092400e-07,7.3736539800e-01,1.7991184000e-02,9.7358100400e-01,3.8514767100e+33
9.9995705800e-01,6.9594792500e+10,6.2529500700e+03,2.8633114700e-07,7.3736539800e-01,1.7991184000e-02,8.6875074900e-01,3.8514767100e+33
9.9996201100e-01,6.9595137100e+10,6.1825273800e+03,2.8301866700e-07,7.3736539800e-01,1.7991184000e-02,7.8308886000e-01,3.8514767100e+33
9.9996690900e-01,6.9595478100e+10,6.1181202100e+03,2.7950301000e-07,7.3736539800e-01,1.7991184000e-02,7.1246990300e-01,3.8514767100e+33
9.9997175900e-01,6.9595815600e+10,6.0588518600e+03,2.7582570600e-07,7.3736539800e-01,1.7991184000e-02,6.5343229200e-01,3.8514767100e+33
9.9997656200e-01,6.9596149900e+10,6.0040189000e+03,2.7202057200e-07,7.3736539800e-01,1.7991184000e-02,6.0345921400e-01,3.8514767100e+33
9.9998132400e-01,6.9596481300e+10,5.9530519600e+03,2.6811501600e-07,7.3736539800e-01,1.7991184000e-02,5.6068824700e-01,3.8514767100e+33
9.9998604600e-01,6.9596809900e+10,5.9054853700e+03,2.6413173100e-07,7.3736539800e-01,1.7991184000e-02,5.2371830600e-01,3.8514767100e+33
9.9999073100e-01,6.9597136000e+10,5.8609340300e+03,2.6008999900e-07,7.3736539800e-01,1.7991184000e-02,4.9147910000e-01,3.8514767100e+33
9.9999538200e-01,6.9597459700e+10,5.8190761600e+03,2.5600567300e-07,7.3736539800e-01,1.7991184000e-02,4.6314035800e-01,3.8514767100e+33
1.0000000000e+00,6.9597781100e+10,5.7796402900e+03,2.5189240200e-07,7.3736539800e-01,1.7991184000e-02,4.3805017000e-01,3.8514767100e+33
